store,date,avg_real_time_service,services_by_time,arrives_by_time,checkouts_by_time,waitings_by_time,costs_avg_by_time
ZCL,2017-02-22,151.656,-2.050324059066312,-0.5296820503145218,-1.139368317992946,1.7054344404754516,-0.8275431291755839
ZCL,2017-02-23,134.992,-1.8155496925726915,-1.4493392850659113,-1.692081695298461,1.2813092106663553,-0.8225843259137919
ZCL,2017-02-24,146.285,-1.1347040297411928,-0.28881944121296743,-1.001189973666567,1.4362780446350631,-0.7783135907860614
ZCL,2017-05-22,179.909,0.743490902207764,0.641786093952129,1.2096635355554934,2.2192784688980067,-0.4844480040756046
ZCL,2017-05-25,133.156,-0.7355876067020417,-1.0989936718272866,-1.4157250066457034,1.5259968432485258,-0.791243869659872
ZCL,2017-05-26,160.24,-0.6416778601045925,-0.68295825610642,-1.4157250066457034,1.6075593874425824,-0.7178732370497254
ZCL,2017-05-26,160.24,-0.6416778601045925,-0.68295825610642,-1.4157250066457034,1.6075593874425824,-0.7178732370497254
ZCL,2017-05-28,163.478,0.2739421692205244,1.353425620843085,0.6569501582499783,2.1295596702845443,-0.4045380483305495
ZCL,2017-06-01,154.984,-1.2051363396892796,-0.10269833417994814,-0.7248332850138095,1.8767157832829706,-0.8122240146021888
ZCL,2017-06-06,161.564,-0.9468845365462992,-0.2559745399718464,-0.5866549406874307,2.0724658893487033,-0.7523009564575346
ZCL,2017-06-07,161.002,-0.782542480000763,-0.42019904617745163,-1.2775466623193248,1.7135906948948556,-0.7743007502977025
ZCL,2017-06-08,145.878,-1.2051363396892796,-1.2303732767917708,-1.001189973666567,1.8767157832829706,-0.8122240146021888
ZCL,2017-06-09,134.591,-0.12517425381862823,-1.0552004701724587,-1.2775466623193248,2.031684617251675,-0.730709881621789
ZCL,2017-06-10,139.739,-0.8294973532994876,-0.4639922478322797,-1.001189973666567,0.47384002314519835,-0.7179552914571502
ZCL,2017-06-11,173.365,-0.03126450722118066,1.2220460158786008,1.6241985685346298,0.09865231985253795,-0.5388964560875376
ZCL,2017-06-12,174.214,-0.10169681716926593,0.619889493124715,1.347841879881872,-5.618882028150819,-0.5823412190655558
ZCL,2017-06-13,160.862,-0.6886327334033154,-0.2012330379033113,-0.3102982520346732,1.1181841222782436,-0.7331730819552248
ZCL,2017-06-14,162.714,-0.782542480000763,-0.7924412602434902,-1.001189973666567,-0.1460353127296314,-0.7743007502977025
ZCL,2017-06-15,147.927,-1.1347040297411928,-0.661061655279006,-0.5866549406874307,0.22099613614362262,-0.7882464260769182
ZCL,2017-06-16,159.219,-0.12517425381862823,-1.1756317747232359,-0.1721199077082944,0.726683910146774,-0.730709881621789
ZCL,2017-06-17,140.133,-0.6886327334033154,0.4885098881602308,-0.7248332850138095,0.6859026380497458,-0.7114995757623693
ZCL,2017-06-18,162.876,0.10960011267498988,0.9921317071907535,1.7623769128610085,0.4249024966287626,-0.5276918377935451
ZCL,2017-06-19,171.108,0.32089704251924905,0.3571302831957466,1.2096635355554934,0.28624617149886755,-0.4493380208159823
ZCL,2017-06-21,162.117,-0.47733580355905963,-1.0661487705861656,-0.7248332850138095,0.08233981101372759,-0.7471204615470164
ZCL,2017-06-22,133.333,-0.9234070998969369,-0.9895106676902164,-1.9684383839512185,-0.11341029505200953,-0.7263426631955934
ZCL,2017-06-23,133.811,-0.26603887371480045,-0.4639922478322797,-0.1721199077082944,0.4085899877899534,-0.7359365604077099
ZCL,2017-06-24,159.59,-0.7590650433514023,-0.9457174660353884,-1.001189973666567,-1.296067185865827,-0.704525569328738
ZCL,2017-06-25,180.041,0.20350985927243914,0.9702351063633395,1.6241985685346298,-0.28469163785952645,-0.5113698410442858
ZCL,2017-06-26,191.024,0.36785191581797366,-0.0808017333525341,0.5187718139235995,-0.1705040759878481,-0.4457518873710122
ZCL,2017-06-27,153.877,-0.5712455501565072,-0.3983024453500376,-1.139368317992946,1.0039965604065664,-0.7122320040782587
ZCL,2017-06-28,135.837,-0.47733580355905963,-1.2960630792740129,-1.9684383839512185,0.08233981101372759,-0.7471204615470164
ZCL,2017-06-29,149.269,-0.8764522265982122,-0.7814929598297832,-0.5866549406874307,0.017089775658481497,-0.719010524405263
ZCL,2017-06-30,127.489,-0.26603887371480045,-1.9420128036827269,-1.8302600396248399,0.3759649701123292,-0.7327622972665288
ZCL,2017-07-01,142.284,-0.8529747899488499,0.641786093952129,0.24241512527084194,-0.9861295179284126,-0.7502057645625438
ZCL,2017-07-02,182.289,0.696536028909041,1.3862705220842062,0.9333068469027359,-0.06447276853557496,-0.5566441820912753
ZCL,2017-07-03,172.695,0.367851915817972,0.38997518443686763,0.6569501582499783,-0.1378790583102239,-0.6125812988770905
ZCL,2017-07-06,138.491,-0.8764522265982122,-1.2960630792740129,-1.2775466623193248,-1.1410983518971203,-0.7869768746159173
ZCL,2017-07-07,145.737,-0.6182004234552302,-0.8800276635531463,-1.2775466623193248,-1.5081298007703745,-0.752571907891093
ZCL,2017-07-08,142.03,-0.8529747899488499,-1.1646834743095287,-0.7248332850138095,-0.9861295179284126,-0.7502057645625438
ZCL,2017-07-09,159.668,0.696536028909041,0.641786093952129,0.795128502576357,-0.06447276853557496,-0.5566441820912753
ZCL,2017-07-10,150.716,0.367851915817972,0.2476472790586764,0.6569501582499783,-0.1378790583102239,-0.6125812988770905
ZCL,2017-07-11,147.112,-0.5947229868058679,-2.029599206992383,-1.8302600396248399,-0.7088168676686226,-0.7629448545561366
ZCL,2017-07-12,139.185,-0.7590650433514023,-1.6354603920989306,-1.4157250066457034,-1.932255030579466,-0.76554151015604
ZCL,2017-07-13,129.095,-0.8764522265982122,-0.4530439474185727,-1.2775466623193248,-1.1410983518971203,-0.7869768746159173
ZCL,2017-07-14,141.041,-0.6182004234552302,-0.5296820503145218,-2.106616728277597,-1.5081298007703745,-0.752571907891093
ZCL,2017-07-15,146.482,-0.7825424800007647,-0.26692284038555336,-0.3102982520346732,-1.0840045709612807,-0.7277219673268709
ZCL,2017-07-16,185.837,0.8374006488052116,0.9373902051222185,1.2096635355554934,0.10680857427194314,-0.5318110534830031
ZCL,2017-07-17,166.826,0.4382842257660556,-0.3873541449363306,1.0714851912291146,-0.537535524861101,-0.5966047840531027
ZCL,2017-07-18,159.847,-0.3364711836628874,-0.7158031573475411,-0.44847659636105197,-1.1900358784135538,-0.7425629589198466
ZCL,2017-07-20,146.871,-0.782542480000763,-1.5040807871344464,-0.3102982520346732,-0.7169731220880254,-0.7772363439763462
ZCL,2017-07-21,137.437,-0.5947229868058679,-1.7887365978908287,-1.5539033509720823,-1.9811925570959004,-0.7447391346851567
ZCL,2017-07-22,147.799,-0.7590650433514007,-0.19028473748960428,-0.7248332850138095,-0.8474731927985164,-0.7156664982039577
ZCL,2017-07-23,159.817,0.696536028909041,0.608941192711008,0.795128502576357,-0.49675425276407276,-0.5290017982607749
ZCL,2017-07-24,172.613,0.43828422576605724,-0.8033895606571972,-0.1721199077082944,-0.7169731220880254,-0.5922813973362756
ZCL,2017-07-25,136.907,-0.2895163103641644,-1.4383909846522043,-1.5539033509720823,-1.100317079800091,-0.7507664395239726
ZCL,2017-07-26,143.05,-0.5712455501565056,-1.2303732767917708,-1.5539033509720823,-1.5081298007703745,-0.7566600478485221
ZCL,2017-07-27,155.764,-0.8529747899488499,-0.10269833417994814,0.24241512527084194,-1.198192132832959,-0.7721611989637842
ZCL,2017-07-28,145.746,-0.6416778601045925,-0.7814929598297832,-0.44847659636105197,-1.9567237938376838,-0.7405864006297107
ZCL,2017-07-29,142.611,-0.7590650433514007,-0.693906556520127,-0.7248332850138095,-0.8474731927985164,-0.7156664982039577
ZCL,2017-07-30,166.922,0.813923212155851,0.8935970034673903,1.347841879881872,-0.08894153179379166,-0.5098507187358581
ZCL,2017-07-31,170.688,0.46176166241541955,0.30238878112721146,1.0714851912291146,-0.6925043588298075,-0.5896358890571997
ZCL,2017-08-01,158.182,-0.14865169046799057,-0.6172684536241779,-1.139368317992946,-0.6680355955715932,-0.681812043877055
ZCL,2017-08-02,155.596,-0.8294973532994893,0.06152617202565711,-0.033941563381915625,-1.9485675394182798,-0.7243202527457774
ZCL,2017-08-03,138.671,-0.5008132402084202,-1.361752881756255,-0.5866549406874307,-1.1492546063165243,-0.7816618388238387
ZCL,2017-08-04,133.489,-0.9234070998969369,-0.639165054451592,-0.5866549406874307,-1.8180674687077887,-0.7413568556298203
ZCL,2017-08-05,147.613,-0.6416778601045925,0.2914404807135045,-0.3102982520346732,-0.34994167321477254,-0.7098215767007189
ZCL,2017-08-06,162.134,0.5791488456622311,0.2695438798860904,1.0714851912291146,0.15574610078837886,-0.5066601562902989
ZCL,2017-08-07,166.962,0.46176166241541955,0.5104064889876448,0.38059346959722073,0.37596497011232805,-0.5665020043948226
ZCL,2017-08-08,166.162,-0.14865169046799057,-1.5478739887892743,-1.5539033509720823,-0.6680355955715932,-0.681812043877055
ZCL,2017-08-09,137.851,-0.8294973532994893,-0.8362344618983183,-0.8630116293401884,-1.9485675394182798,-0.7243202527457774
ZCL,2017-08-10,146.301,-0.5008132402084202,-2.3361516185761797,-1.4157250066457034,-1.1492546063165243,-0.7816618388238387
ZCL,2017-08-10,146.301,-0.5008132402084202,-2.3361516185761797,-1.4157250066457034,-1.1492546063165243,-0.7816618388238387
ZCL,2017-08-11,140.655,-0.9234070998969369,-1.2303732767917708,-1.2775466623193248,-1.8180674687077887,-0.7413568556298203
ZCL,2017-08-12,147.601,-0.6416778601045925,-0.6172684536241779,-1.139368317992946,0.09865231985253795,-0.7098215917787063
ZCL,2017-08-13,160.446,0.5791488456622311,0.9702351063633395,0.10423678094446316,0.5798713305974726,-0.5066601562902989
ZCL,2017-08-14,161.77,0.46176166241541955,-0.015111930870292003,0.24241512527084194,0.8734964896960766,-0.5665020043948226
ZCL,2017-08-15,139.092,-0.054741943870544645,-1.2303732767917708,-2.106616728277597,0.4412150054675753,-0.6766904888192792
ZCL,2017-08-16,135.579,-0.5712455501565072,-0.33261264286779546,-1.001189973666567,0.4983087864034162,-0.6351888713113211
ZCL,2017-08-17,146.737,-0.5477681135071432,-0.5515786511419358,-0.44847659636105197,0.1883711184660019,-0.7791169157987008
ZCL,2017-08-18,143.93,-0.9703619731956599,-1.0552004701724587,-0.8630116293401884,0.36780871569292284,-0.7367923568164974
ZCL,2017-08-18,143.93,-0.9703619731956599,-1.0552004701724587,-0.8630116293401884,0.36780871569292284,-0.7367923568164974
ZCL,2017-08-19,146.047,-0.6182004234552302,-0.19028473748960428,-0.7248332850138095,0.0415585389166982,-0.6957091836148336
ZCL,2017-08-20,182.932,0.5791488456622295,2.513945464696029,1.347841879881872,0.8490277264378575,-0.5074131208250258
ZCL,2017-08-21,161.858,0.6261037189609541,-0.5953718527967639,-0.5866549406874307,0.8082464543408293,-0.47543638858085935
ZCL,2017-08-22,156.199,0.15655498597371617,-1.0880453714135796,-0.44847659636105197,0.6124963482750923,-0.6658897494957539
ZCL,2017-08-23,137.631,-0.5712455501565072,-0.5844235523830569,-0.3102982520346732,0.33518369801530096,-0.638142649042768
ZCL,2017-08-24,142.04,-0.5477681135071432,-1.4493392850659113,-1.5539033509720823,-0.03184775085795191,-0.6749096729615561
ZCL,2017-08-25,147.896,-0.7825424800007647,-1.263218178032892,-1.139368317992946,-0.12156654947141471,-0.5557392615995423
ZCL,2017-08-26,153.633,-0.5477681135071448,-0.2559745399718464,-0.3102982520346732,0.2046836273048111,-0.5510845361096243
ZCL,2017-08-27,162.581,0.5791488456622311,1.1235113121552378,1.0714851912291146,0.465683768725792,-0.34352090126425566
ZCL,2017-08-28,171.831,0.6026262823115918,-0.19028473748960428,0.795128502576357,1.4444342990544694,-0.26256721707547315
ZCL,2017-08-29,144.322,0.22698729592180145,-1.0004589681039235,-1.5539033509720823,-0.04000400527735825,-0.5446812767330039
ZCL,2017-08-30,150.368,-0.4538583669096973,-0.7814929598297832,-0.8630116293401884,-0.3417854187953674,-0.5206836344844931
ZCL,2017-08-31,141.528,-0.5242906768577809,-1.1427868734821147,-1.001189973666567,-0.015535242019141549,-0.6756402768409703
ZCL,2017-09-01,145.65,-0.40690349361097267,-0.5296820503145218,-0.7248332850138095,0.09049606543313393,-0.7470984778413888
ZCL,2017-09-02,152.071,-0.73558760670204,-0.3873541449363306,0.24241512527084194,-0.04000400527735709,-0.645991932644906
ZCL,2017-09-03,171.619,0.39132935246733597,2.3387726580767167,1.7623769128610085,0.7103714013079637,-0.40581803375883074
ZCL,2017-09-04,164.184,0.5556714090128672,0.20385407740384834,0.6569501582499783,0.5309338040810381,-0.4859785554984807
ZCL,2017-09-05,144.616,-0.3364711836628874,-0.9347691656216814,-1.692081695298461,0.16390235520778287,-0.67511491452603
ZCL,2017-09-06,154.23,-0.9234070998969353,-1.1208902726547008,-0.1721199077082944,0.04971479333610222,-0.6993370227729488
ZCL,2017-09-07,135.798,-0.73558760670204,-0.7486480585886621,-0.1721199077082944,0.2944024259182739,-0.7151661351921248
ZCL,2017-09-08,142.743,-0.40690349361097267,-0.6282167540378849,0.24241512527084194,0.09049606543313393,-0.7470984778413888
ZCL,2017-09-09,153.908,-0.73558760670204,-0.17933643707589725,-1.001189973666567,-0.04000400527735709,-0.645991932644906
ZCL,2017-09-10,170.264,0.46176166241542294,1.4081671229116202,0.9333068469027359,0.8490277264378587,-0.3881253424090991
ZCL,2017-09-11,160.327,0.5556714090128672,1.7694610365639518,1.6241985685346298,0.5309338040810381,-0.4859785554984807
ZCL,2017-09-12,141.473,-0.3364711836628874,-1.4712358858933252,-0.8630116293401884,0.16390235520778287,-0.67511491452603
ZCL,2017-09-13,155.406,-0.73558760670204,-0.2012330379033113,-0.033941563381915625,0.3514962068541125,-0.572048999945046
ZCL,2017-09-14,157.29,-0.73558760670204,0.2695438798860904,0.38059346959722073,0.3514962068541125,-0.572048999945046
ZCL,2017-09-15,145.342,-0.73558760670204,0.7074758964343711,0.10423678094446316,0.3514962068541125,-0.572048999945046
ZCL,2017-09-16,148.185,-1.4868655794816241,-1.0333038693450445,-0.7248332850138095,-1.3450047123822604,-0.9419353263308825
ZCL,2017-09-17,185.009,0.39132935246733597,2.513945464696029,1.6241985685346298,0.7103714013079637,-0.40581803375883074
ZCL,2017-09-18,174.16,0.5556714090128672,0.7184241968480781,0.795128502576357,0.5309338040810381,-0.4859785554984807
ZCL,2017-09-19,149.374,-0.3364711836628874,-0.7705446594160762,-0.5866549406874307,0.16390235520778287,-0.67511491452603
ZCL,2017-09-20,172.327,-0.9234070998969353,0.3133370815409185,-0.1721199077082944,0.04971479333610222,-0.6993370227729488
ZCL,2017-09-21,156.68,-0.73558760670204,0.4337683860916957,-0.44847659636105197,0.2944024259182739,-0.7151661351921248
ZCL,2017-09-22,154.41,-0.45385836690969894,0.1162676740941922,-0.5866549406874307,0.29440242591827276,-0.7399348657162163
ZCL,2017-09-23,137.945,-0.5712455501565056,0.30238878112721146,-0.5866549406874307,-0.2112853480848775,-0.6514944782882774
ZCL,2017-09-24,162.014,0.46176166241542294,0.9373902051222185,-0.033941563381915625,0.8490277264378587,-0.3881253424090991
ZCL,2017-09-25,168.926,0.48523909906478024,0.8826487030536834,1.486020224208251,0.7756214366632052,-0.48976365806516664
ZCL,2017-09-26,169.205,-0.28951631036416275,-0.44209564700486564,-0.3102982520346732,0.31071493475708545,-0.676430242756774
ZCL,2017-09-27,138.424,-0.8060199166501253,-0.8143378610709042,-1.001189973666567,0.11496482869134832,-0.6916626589026257
ZCL,2017-09-28,119.749,-0.7121101700526794,-0.5844235523830569,-1.5539033509720823,0.07418355659432009,-0.7097092909285595
ZCL,2017-09-29,135.34,-0.40690349361097267,-0.22312963873072533,-1.001189973666567,0.23730864498243415,-0.72670637440763
ZCL,2017-09-30,155.299,-0.5712455501565056,0.30238878112721146,-0.5866549406874307,-0.2112853480848775,-0.6514944782882774
ZCL,2017-10-01,160.491,0.6261037189609524,1.7037712340817097,1.486020224208251,0.9550590338901296,-0.4128810757080527
ZCL,2017-10-02,167.741,0.673058592259677,1.265839217533429,0.5187718139235995,0.8327152175990483,-0.4760802940327298
ZCL,2017-10-03,145.066,-0.5008132402084186,0.06152617202565711,-1.139368317992946,1.232371684149922,-0.6836142101649353
ZCL,2017-10-04,134.902,-0.6416778601045925,-0.7376997581749551,-1.139368317992946,-0.2602228746013098,-0.7306138499200452
ZCL,2017-10-05,141.986,-0.40690349361097267,-0.5734752519693499,-0.8630116293401884,-0.3825666908923944,-0.7507440487126852
ZCL,2017-10-06,144.959,-0.31299374701352506,-1.0223555689313375,-1.692081695298461,0.2699336626600572,-0.7376601100692922
ZCL,2017-10-07,142.631,-0.4773358035590579,-0.04795683211141305,-0.44847659636105197,0.40858998778995226,-0.6287405739863403
ZCL,2017-10-08,172.838,0.743490902207764,1.4081671229116202,0.795128502576357,0.9876840515677537,-0.40471132456173803
ZCL,2017-10-09,183.75,0.8139232121558493,0.1710091761627273,0.6569501582499783,0.4493712598869816,-0.46025820795568156
ZCL,2017-10-10,157.185,-0.5242906768577809,-0.5515786511419358,-1.692081695298461,1.1752779032140823,-0.6636021474035657
ZCL,2017-10-11,149.61,-0.7825424800007647,-0.9347691656216814,-0.5866549406874307,-0.3336291643759622,-0.7260609310010446
ZCL,2017-10-12,145.305,-0.3599486203122497,-1.0442521697587517,-1.8302600396248399,-0.5864730513775367,-0.7385895775245106
ZCL,2017-10-13,145.622,-0.35994862031224806,-0.12459493500736217,-0.8630116293401884,0.8082464543408293,-0.6191709975678982
ZCL,2017-10-17,164.415,-0.6416778601045925,0.0505778716119501,-1.001189973666567,-0.26837912902071726,-0.7199174653473077
ZCL,2017-10-18,152.005,-0.6416778601045925,-0.4530439474185727,-0.3102982520346732,-0.26837912902071726,-0.7199174653473077
ZCL,2017-10-19,136.586,-0.3364711836628874,-0.33261264286779546,-0.1721199077082944,-0.6517230867327828,-0.7323780799916297
ZCL,2017-10-20,159.313,-0.33647118366288575,-1.1537351738958217,-0.44847659636105197,-0.03184775085795307,-0.7140286065887886
ZCL,2017-10-21,148.723,-0.31299374701352506,-0.4639922478322797,-0.033941563381915625,0.5961838394362831,-0.6111347921559759
ZCL,2017-10-22,176.618,0.9078329587532985,1.320580719601964,1.0714851912291146,0.3759649701123292,-0.3730080768530131
ZCL,2017-10-23,162.935,0.9313103954026591,0.7731656989166132,0.5187718139235995,0.6451213659527176,-0.43908529094447
ZCL,2017-10-24,169.394,-0.38342605696161036,-0.5734752519693499,-1.139368317992946,-0.11341029505200953,-0.6418144405341509
ZCL,2017-10-25,142.615,-0.4538583669096973,-0.5406303507282288,-0.8630116293401884,-0.02369149643854673,-0.7019464946621414
ZCL,2017-10-26,144.569,-0.40690349361097267,-0.8033895606571972,-1.2775466623193248,-0.13787905831022507,-0.7272963911325366
ZCL,2017-10-27,151.866,-0.24256143706543815,-0.37640584452262354,-0.7248332850138095,0.43305875104817126,-0.7004345343977282
ZCL,2017-10-28,136.748,-0.33647118366288575,0.3571302831957466,-1.139368317992946,0.8734964896960743,-0.608956475316455
ZCL,2017-10-29,166.133,-1.416433269533537,2.1526515510436974,1.347841879881872,-0.6190980690551597,-0.7268459814929564
ZCL,2017-10-30,173.583,-1.416433269533537,0.4447166865054027,-0.033941563381915625,-0.6190980690551597,-0.7268459814929564
ZCL,2017-10-31,157.434,-1.416433269533537,0.08342277285307115,0.38059346959722073,-0.6190980690551597,-0.7268459814929564
ZCL,2017-11-01,143.958,-0.6416778601045942,-0.3983024453500376,-0.7248332850138095,0.06602730217491606,-0.7078061473590688
ZCL,2017-11-02,135.291,0.4382842257660589,-1.0442521697587517,-1.692081695298461,0.13127733753016216,-0.6929958545484373
ZCL,2017-11-03,156.83,-0.7825424800007647,0.006784669957122032,-1.001189973666567,0.3433399524347085,-0.7024381425972579
ZCL,2017-11-04,139.385,-0.28951631036416275,0.20385407740384834,-1.4157250066457034,0.3759649701123304,-0.6615275972733243
ZCL,2017-11-05,166.639,0.5791488456622311,1.3862705220842062,0.795128502576357,0.15574610078837886,-0.4831848456812608
ZCL,2017-11-06,187.219,0.5791488456622295,0.7950622997440272,1.0714851912291146,1.0039965604065642,-0.5167577336714759
ZCL,2017-11-07,152.711,0.22698729592179978,-0.5296820503145218,-0.44847659636105197,0.31887118917648943,-0.5813223542230491
ZCL,2017-11-08,140.407,-0.40690349361097267,-0.8252861614846112,-1.001189973666567,-0.1541915671490366,-0.695425642061797
ZCL,2017-11-09,137.779,0.36785191581797366,-1.0442521697587517,-1.4157250066457034,-0.12156654947141586,-0.6880423888941847
ZCL,2017-11-10,157.828,-0.6416778601045908,-1.0004589681039235,-0.7248332850138095,0.04155853891670052,-0.5551623476456853
ZCL,2017-11-11,151.238,-0.2660388737148021,-0.37640584452262354,-0.1721199077082944,0.000777266819671133,-0.5605715605470574
ZCL,2017-11-12,169.72,1.0252201420001084,1.4300637237390341,0.24241512527084194,0.6532776203721216,-0.34010976294103773
ZCL,2017-11-13,193.478,1.494768874987348,0.0505778716119501,0.9333068469027359,1.061090341342405,-0.1389017711880833
ZCL,2017-11-14,189.032,-0.35994862031224806,0.08342277285307115,-0.7248332850138095,-0.41519170857001864,-0.628503306776631
ZCL,2017-11-15,166.609,-0.35994862031224806,-0.02606023128399902,-0.8630116293401884,-0.41519170857001864,-0.628503306776631
ZCL,2017-11-16,191.534,0.32089704251924905,-1.263218178032892,-1.2775466623193248,-0.01553524201914039,-0.6250943246056111
ZCL,2017-11-17,165.016,-0.6416778601045908,-0.7376997581749551,-0.5866549406874307,0.04155853891670052,-0.5551623476456853
ZCL,2017-11-18,152.093,-0.2660388737148021,-0.2012330379033113,-1.001189973666567,0.000777266819671133,-0.5605715605470574
ZCL,2017-11-19,186.443,1.0252201420001084,0.7622173985029062,0.6569501582499783,0.6532776203721216,-0.34010976294103773
ZCL,2017-11-20,203.899,1.494768874987348,1.1454079129826518,1.2096635355554934,1.061090341342405,-0.1389017711880833
ZCL,2017-11-21,173.565,0.1330775493243522,-0.1574398362484832,-0.033941563381915625,0.5064650408228214,-0.5872887439927732
ZCL,2017-11-22,170.686,-0.35994862031224806,-0.33261264286779546,-0.44847659636105197,-0.41519170857001864,-0.628503306776631
ZCL,2017-11-23,176.835,0.5321939723635065,-0.2778711407992604,-0.3102982520346732,0.21283988172421628,-0.31440481002337295
ZCL,2017-11-24,163.458,-0.3129937470135234,-1.0880453714135796,-1.001189973666567,0.40043373337054705,-0.3120870368783997
ZCL,2017-11-25,180.67,-0.24256143706543815,-0.7048548569338341,-0.7248332850138095,0.20468362730481227,-0.3508436464684363
ZCL,2017-11-26,204.462,1.4243365650392628,0.696527596020664,0.9333068469027359,0.8408714720184524,-0.04633396564554126
ZCL,2017-11-27,198.822,2.0582273545720335,0.9045453038810974,1.6241985685346298,0.588027585016879,0.1614443194284386
ZCL,2017-11-28,177.364,0.7669683388571263,-0.02606023128399902,0.24241512527084194,0.5961838394362818,-0.3505573154877309
ZCL,2017-11-29,187.491,-0.10169681716926761,-0.037008531697706036,-1.001189973666567,0.06602730217491723,-0.34845544404432244
ZCL,2017-11-30,166.178,0.6730585922596803,-0.9238208652079744,-1.5539033509720823,0.10680857427194429,-0.32555668551744427
ZCL,2017-12-01,144.244,0.5556714090128688,-1.6792535937537585,-2.244795072603976,0.8000901999214253,-0.5520286895245694
ZCL,2017-12-02,163.632,-0.2190840004160775,0.6746309951932501,-0.3102982520346732,0.4738400231451972,-0.5029263942707063
ZCL,2017-12-03,178.504,1.1426073252469182,1.8132542382187797,1.0714851912291146,1.0284653236647807,-0.4930904802828498
ZCL,2017-12-04,193.188,1.7530206781303301,1.353425620843085,1.347841879881872,1.362871754860412,-0.42759945310750025
ZCL,2017-12-05,176.491,1.0252201420001084,0.09437107326677817,0.10423678094446316,0.3107149347570843,-0.4902327644091214
ZCL,2017-12-06,162.197,0.20350985927243578,-0.49683714907340076,-0.1721199077082944,0.6859026380497458,-0.5532944714887206
ZCL,2017-12-07,141.247,0.1800324226230768,-0.43114734659115866,-1.001189973666567,0.56355882175866,-0.5420213086640124
ZCL,2017-12-08,164.08,0.4617616624154212,-1.2084766759643568,-1.2775466623193248,1.0692465957618114,-0.4960431271652419
ZCL,2017-12-09,163.491,-0.10169681716926761,-0.37640584452262354,-0.7248332850138095,1.1263403766976487,-0.38532698857175984
ZCL,2017-12-10,173.78,-0.3364711836628874,1.1016147113278236,1.0714851912291146,0.24546489940184166,-0.7167710512488523
ZCL,2017-12-11,171.443,-0.3364711836628874,0.5541996906424729,-0.033941563381915625,0.24546489940184166,-0.7167710512488523
ZCL,2017-12-12,142.761,-0.28951631036416275,-0.8471827623120253,-0.44847659636105197,0.3514962068541148,-0.5806730659296772
ZCL,2017-12-13,173.334,0.20350985927243578,0.06152617202565711,0.24241512527084194,0.6859026380497458,-0.5532944714887206
ZCL,2017-12-14,151.284,0.03916780272690294,-0.2997677416266744,-0.5866549406874307,0.11496482869135063,-0.5455533875241572
ZCL,2017-12-15,149.765,0.4382842257660589,-1.41649438382479,-1.692081695298461,0.8816527441154794,-0.5026167979554444
ZCL,2017-12-16,168.818,0.41480678911669494,0.5870445918835939,-0.44847659636105197,0.5798713305974715,-0.38315916601146893
ZCL,2017-12-17,181.698,1.6591109315328825,1.4300637237390341,1.486020224208251,0.37596497011232805,-0.43688339213265726
ZCL,2017-12-18,183.982,1.8469304247277794,0.8717004026399764,1.0714851912291146,0.8408714720184512,-0.3790235454717207
ZCL,2017-12-19,164.883,0.9313103954026591,-0.3654575441089165,-0.8630116293401884,1.2813092106663577,-0.4904930406276014
ZCL,2017-12-20,192.276,0.36785191581797033,-0.5077854494871078,-0.033941563381915625,0.5880275850168767,-0.5206455173323484
ZCL,2017-12-21,182.978,0.4617616624154179,0.09437107326677817,-0.1721199077082944,0.09049606543313277,-0.5079000191941113
ZCL,2017-12-22,160.259,0.4617616624154179,0.619889493124715,0.10423678094446316,0.09049606543313277,-0.5079000191941113
ZCL,2017-12-23,181.36,0.4617616624154179,1.6271331311857604,1.7623769128610085,0.09049606543313277,-0.5079000191941113
ZCL,2017-12-24,160.604,-1.979891749118226,2.9409291808306026,1.347841879881872,0.057871047755509726,-0.5216501033207883
ZCL,2017-12-26,191.617,0.9313103954026575,0.22575067823126238,0.6569501582499783,0.9795277971483474,-0.4822207440889871
ZCL,2017-12-27,173.318,0.5321939723635049,0.47756158774652374,-0.1721199077082944,0.9958403059871589,-0.5039957251370372
ZCL,2017-12-28,173.203,-0.3599486203122497,-0.05890513252512007,-0.1721199077082944,0.5635588217586611,-0.6494263815366426
ZCL,2017-12-29,171.443,-0.3599486203122497,0.006784669957122032,0.5187718139235995,0.5635588217586611,-0.6494263815366426
ZCL,2017-12-30,167.73,-0.3599486203122497,1.276787517947136,0.795128502576357,0.5635588217586611,-0.6494263815366426
ZCL,2017-12-31,171.912,-1.2520912129880026,2.9080842795894815,1.2096635355554934,0.6369651115333113,9.024717387315668
ZCL,2018-01-01,154.954,-0.03126450722118066,-3.6499476682210217,-1.8302600396248399,0.13943359194956617,-0.6166404740207262
ZCL,2018-01-02,165.502,-0.24256143706543815,-0.16838813666219024,-0.3102982520346732,0.5064650408228214,-0.7512344904088096
ZCL,2018-01-03,181.381,-1.3694783962348125,0.4885098881602308,0.10423678094446316,-0.6598793411521892,-0.7972007452195478
ZCL,2018-01-04,152.304,-1.4633881428322635,0.21480237781755535,-0.5866549406874307,-0.4478167262476417,-0.8056824448471583
ZCL,2018-01-04,152.304,-1.4633881428322635,0.21480237781755535,-0.5866549406874307,-0.4478167262476417,-0.8056824448471583
ZCL,2018-01-05,160.592,-1.0642717197931075,-0.8033895606571972,-1.4157250066457034,0.017089775658481497,-0.7786575046006432
ZCL,2018-01-06,157.794,-0.7121101700526777,-0.22312963873072533,-0.5866549406874307,-0.32547290995655587,-0.7357804730821562
ZCL,2018-01-07,178.873,0.32089704251924905,1.6599780324268816,1.486020224208251,0.8000901999214253,-0.5499604721490354
ZCL,2018-01-08,185.19,-0.05474194387054298,0.4994581885739378,0.795128502576357,0.9387465250513204,-0.6409255027090607
ZCL,2018-01-09,146.017,-0.14865169046799057,-0.5953718527967639,-1.2775466623193248,0.865340235276669,-0.7304112620813535
ZCL,2018-01-10,152.06,-1.064271719793109,-0.3654575441089165,-0.7248332850138095,0.24546489940183933,-0.7519286960266428
ZCL,2018-01-11,133.697,-1.392955832884175,-0.37640584452262354,-0.033941563381915625,-0.8066919207014894,-0.7902429325443829
ZCL,2018-01-12,149.476,-1.0642717197931075,-0.5077854494871078,-0.5866549406874307,0.017089775658481497,-0.7786575046006432
ZCL,2018-01-13,160.582,-0.7121101700526777,0.08342277285307115,-0.3102982520346732,-0.32547290995655587,-0.7357804730821562
ZCL,2018-01-14,160.457,0.41480678911669827,1.911788941942143,0.9333068469027359,0.9142777617931036,-0.5297566023099644
ZCL,2018-01-15,174.637,0.13307754932435387,0.3352336823683325,-0.033941563381915625,0.12312108311075581,-0.6102371995661184
ZCL,2018-01-16,159.976,-0.10169681716926927,-0.5734752519693499,-1.9684383839512185,0.18837111846600074,-0.7192537775759698
ZCL,2018-01-17,149.192,-0.9938394098450222,-1.1975283755506498,-1.2775466623193248,-0.7169731220880265,-0.738805720473874
ZCL,2018-01-18,154.055,-1.392955832884175,-1.0114072685176305,-1.4157250066457034,-0.8066919207014894,-0.7902429325443829
ZCL,2018-01-19,142.533,-0.9468845365462976,-0.4749405482459867,-0.44847659636105197,0.3351836980153033,-0.7639391272011956
ZCL,2018-01-20,146.228,-0.5477681135071432,-0.12459493500736217,-1.001189973666567,-0.06447276853557264,-0.7243853444173785
ZCL,2018-01-21,157.416,0.4382842257660606,1.4519603245664483,0.9333068469027359,1.3057779739245756,-0.5150491564513809
ZCL,2018-01-22,147.281,0.15655498597371617,0.8498038018125623,-0.7248332850138095,0.392277478951143,-0.5966775805762647
ZCL,2018-01-23,137.115,-0.007787070571820018,-0.9676140668628025,-1.8302600396248399,0.09049606543313161,-0.7089080316001939
ZCL,2018-01-24,154.127,-0.9938394098450222,-0.672009955692713,-1.5539033509720823,-0.7169731220880265,-0.738805720473874
ZCL,2018-01-25,138.338,-1.3694783962348143,-0.8471827623120253,-1.4157250066457034,-1.0350670444448473,-0.7760705592246246
ZCL,2018-01-26,145.7,-0.8999296632475746,0.16006087574902025,-1.001189973666567,0.057871047755509726,-0.7524856919591459
ZCL,2018-01-27,135.298,-0.35994862031224806,0.46661328733281676,0.5187718139235995,-0.1460353127296314,-0.703929159537174
ZCL,2018-01-28,194.757,0.4382842257660606,1.1563562133963587,1.347841879881872,1.3057779739245756,-0.5150491564513809
ZCL,2018-01-29,177.064,0.15655498597371617,0.20385407740384834,-0.5866549406874307,0.392277478951143,-0.5966775805762647
ZCL,2018-01-30,159.195,-0.007787070571820018,-1.1427868734821147,-1.4157250066457034,0.09049606543313161,-0.7089080316001939
ZCL,2018-01-31,160.059,-0.9938394098450222,-0.661061655279006,-0.7248332850138095,-0.7169731220880265,-0.738805720473874
ZCL,2018-02-01,169.231,-2.003369185767588,-0.06985343293882708,-1.139368317992946,-0.39072294531179963,-0.8170728842578554
ZCL,2018-02-02,147.015,-1.3460009595854519,-0.2559745399718464,-0.8630116293401884,0.34333995243470733,-0.8121210168702669
ZCL,2018-02-03,142.265,-1.0173168464943827,0.619889493124715,-1.139368317992946,0.3270274435958958,-0.7480166066500834
ZCL,2018-02-04,174.223,0.18003242262307848,1.4629086249801553,0.38059346959722073,0.2944024259182739,-0.563141422563353
ZCL,2018-02-05,174.909,0.06264523937626693,1.18920111463748,-0.1721199077082944,0.5472463129198508,-0.572226422622769
ZCL,2018-02-06,181.188,-0.8529747899488516,-0.3983024453500376,-0.1721199077082944,0.0007772668196676558,-0.7528778251774295
ZCL,2018-02-07,170.993,-1.6512076360271568,-0.5077854494871078,-1.2775466623193248,-0.8556294472179228,-0.780028606306776
ZCL,2018-02-08,152.789,-2.003369185767588,-0.5296820503145218,-0.7248332850138095,-0.39072294531179963,-0.8170728842578554
ZCL,2018-02-09,181.634,-1.3460009595854519,-0.9676140668628025,-0.5866549406874307,0.34333995243470733,-0.8121210168702669
ZCL,2018-02-10,154.957,-1.0173168464943827,0.20385407740384834,-0.5866549406874307,0.3270274435958958,-0.7480166066500834
ZCL,2018-02-11,186.935,0.18003242262307848,1.5614433287035183,1.2096635355554934,0.2944024259182739,-0.563141422563353
ZCL,2018-02-12,171.117,0.06264523937626693,0.41187178526428164,1.0714851912291146,0.5472463129198508,-0.572226422622769
ZCL,2018-02-13,148.498,-0.8529747899488516,-0.24502623955813935,-0.8630116293401884,0.0007772668196676558,-0.7528778251774295
ZCL,2018-02-14,145.688,-1.416433269533537,-0.2997677416266744,-1.2775466623193248,-0.5049105071834791,-0.7598658692173292
ZCL,2018-02-15,162.449,-1.6746850726765192,-0.4749405482459867,-1.001189973666567,-0.2683791290207161,-0.7791698093784962
ZCL,2018-02-16,164.128,-1.0407942831437451,-0.3873541449363306,-0.3102982520346732,-0.2765353834401213,-0.7951569541836001
ZCL,2018-02-17,159.753,-0.806019916650127,0.3571302831957466,-0.1721199077082944,0.1312773375301587,-0.7123875938302281
ZCL,2018-02-18,191.013,0.34437447916861136,1.342477320429378,1.7623769128610085,0.29440242591827503,-0.5423668961351955
ZCL,2018-02-19,194.642,0.10960011267498988,0.5541996906424729,0.9333068469027359,0.42490249662876606,-0.5527089329260713
ZCL,2018-02-20,172.918,-0.5242906768577825,-0.015111930870292003,-0.033941563381915625,0.29440242591827276,-0.7129637689627027
ZCL,2018-02-21,165.627,-1.4164332695335389,-1.0114072685176305,-0.7248332850138095,0.22099613614362149,-0.7448640256547819
ZCL,2018-02-22,145.563,-1.6746850726765192,-1.4821841863070322,-1.5539033509720823,-0.2683791290207161,-0.7791698093784962
ZCL,2018-02-23,182.318,-0.7590650433514023,-1.339856280928841,-0.44847659636105197,-0.6517230867327817,-0.7797689633637666
ZCL,2018-02-24,158.071,-0.806019916650127,0.4556649869191097,0.5187718139235995,0.1312773375301587,-0.7123875938302281
ZCL,2018-02-25,184.85,0.48523909906478524,1.3862705220842062,1.9005552571873874,0.8082464543408316,-0.5167842860072854
ZCL,2018-02-26,165.695,0.2974196058698867,0.7731656989166132,1.0714851912291146,0.04971479333610454,-0.5431715630887134
ZCL,2018-02-27,160.933,-0.5242906768577825,-0.48588884865969373,-0.44847659636105197,0.29440242591827276,-0.7129637689627027
ZCL,2018-02-28,176.268,-1.4164332695335389,-0.9457174660353884,-0.033941563381915625,0.22099613614362149,-0.7448640256547819
ZCL,2018-03-01,171.098,-1.228613776338642,-0.661061655279006,0.5187718139235995,-0.6109418146357535,-0.7827608733253455
ZCL,2018-03-02,176.508,-1.158181466390555,0.22575067823126238,1.2096635355554934,0.6695901292109331,-0.7695061915526469
ZCL,2018-03-03,172.07,-0.7825424800007663,0.7074758964343711,1.0714851912291146,-0.3254729099565547,-0.6991042789594593
ZCL,2018-03-04,188.82,0.34437447916861136,1.5723916291172255,2.176911945840145,0.3188711891764906,-0.555738718791996
ZCL,2018-03-05,186.901,-0.14865169046799223,0.32428538195462553,1.6241985685346298,1.2731529562469512,-0.5739223192554617
ZCL,2018-03-06,186.88,-0.26603887371480045,-0.3654575441089165,0.795128502576357,0.12312108311075233,-0.7261577919920952
ZCL,2018-03-07,170.374,-1.0173168464943845,-0.4749405482459867,-0.7248332850138095,0.07418355659432009,-0.7905645460156018
ZCL,2018-03-08,135.497,-1.228613776338642,-1.2084766759643568,-0.8630116293401884,-0.6109418146357535,-0.7827608733253455
ZCL,2018-03-09,167.898,-1.158181466390555,-1.0770970709998726,0.10423678094446316,0.6695901292109331,-0.7695061915526469
ZCL,2018-03-10,145.367,-0.7825424800007663,0.5104064889876448,0.6569501582499783,-0.3254729099565547,-0.6991042789594593
ZCL,2018-03-11,177.673,0.34437447916861136,1.8242025386324867,1.0714851912291146,0.3188711891764906,-0.555738718791996
ZCL,2018-03-12,175.801,-0.14865169046799223,0.8717004026399764,1.7623769128610085,1.2731529562469512,-0.5739223192554617
ZCL,2018-03-13,152.66,-0.26603887371480045,0.2366989786449694,0.10423678094446316,0.12312108311075233,-0.7261577919920952
ZCL,2018-03-14,152.39,-1.0173168464943845,-0.33261264286779546,-1.001189973666567,0.07418355659432009,-0.7905645460156018
ZCL,2018-03-15,144.208,-1.1347040297411928,-0.8362344618983183,-0.1721199077082944,-0.13787905831022507,-0.7638886611773715
ZCL,2018-03-16,150.245,-0.5008132402084219,-0.9785623672765095,-0.033941563381915625,0.3270274435958958,-0.7385958348892812
ZCL,2018-03-17,147.366,-0.5008132402084202,0.7184241968480781,-0.44847659636105197,0.3107149347570843,-0.6749324105665536
ZCL,2018-03-18,179.823,0.696536028909041,1.1344596125689448,0.795128502576357,0.6124963482750934,-0.5171824051865663
ZCL,2018-03-19,173.819,0.25046473257116375,0.2366989786449694,0.795128502576357,0.7756214366632063,-0.5499271045629218
ZCL,2018-03-20,180.969,-0.03126450722118066,0.13816427492160624,-0.033941563381915625,1.232371684149923,-0.6957982945203612
ZCL,2018-03-21,158.208,-0.7121101700526794,-0.9019242643805604,-1.139368317992946,0.16390235520778287,-0.7636850028015744
ZCL,2018-03-22,150.477,-1.1581814663905567,-1.2084766759643568,-0.44847659636105197,-0.5701605425387252,-0.7654587320052202
ZCL,2018-03-23,163.546,-0.5008132402084219,-0.68295825610642,0.5187718139235995,0.3270274435958958,-0.7385958348892812
ZCL,2018-03-24,143.499,-0.5008132402084202,-0.2559745399718464,-0.5866549406874307,0.3107149347570843,-0.6749324105665536
ZCL,2018-03-25,177.54,0.696536028909041,0.9921317071907535,1.7623769128610085,0.6124963482750934,-0.5171824051865663
ZCL,2018-03-26,182.601,0.41480678911669827,0.5870445918835939,0.795128502576357,0.6532776203721216,-0.5330899683741789
ZCL,2018-03-27,169.11,0.1800324226230768,0.41187178526428164,1.0714851912291146,0.35965246127351885,-0.6763241841934101
ZCL,2018-03-28,153.197,-0.6886327334033171,0.46661328733281676,0.10423678094446316,-0.007378987599735208,-0.7535426136418476
ZCL,2018-03-29,172.515,-0.9703619731956599,0.7622173985029062,0.38059346959722073,-0.700660613249215,-0.7583995198647976
ZCL,2018-03-30,144.123,-0.47733580355905963,-1.1208902726547008,-0.033941563381915625,0.5961838394362831,-0.7316918204731556
ZCL,2018-03-31,180.784,-0.3599486203122497,1.5942882299446395,1.2096635355554934,0.2291523905630278,-0.6530041466986061
ZCL,2018-04-01,209.693,0.08612267602563257,0.41187178526428164,1.347841879881872,0.6777463836303407,-0.4817118770922609
ZCL,2018-04-02,168.264,-0.31299374701352506,0.47756158774652374,1.2096635355554934,0.36780871569292517,-0.5484838999210474
ZCL,2018-04-03,164.121,-0.4538583669096956,0.3352336823683325,-0.1721199077082944,0.8898089985348858,-0.6672285239969031
ZCL,2018-04-04,152.232,-1.3460009595854534,-0.3435609432815025,0.5187718139235995,-0.8556294472179217,-0.7795393859276307
ZCL,2018-04-05,147.798,-1.6512076360271586,-1.0880453714135796,-0.8630116293401884,0.3433399524347085,-0.7658048773619369
ZCL,2018-04-06,144.553,-1.0407942831437451,-0.06985343293882708,-0.3102982520346732,-0.23575411134309304,-0.747455479349033
ZCL,2018-04-07,133.198,-0.7825424800007647,0.0505778716119501,-0.5866549406874307,0.6124963482750957,-0.6357712284186292
ZCL,2018-04-08,168.654,0.25046473257116375,2.4263590613863726,2.038733601513766,0.9876840515677561,-0.46272317241364297
ZCL,2018-04-09,167.591,-0.31299374701352506,0.7622173985029062,0.38059346959722073,0.36780871569292517,-0.5484838999210474
ZCL,2018-04-10,154.061,-0.4538583669096956,-0.2997677416266744,-1.001189973666567,0.8898089985348858,-0.6672285239969031
ZCL,2018-04-11,142.111,-1.3460009595854534,-0.639165054451592,-0.7248332850138095,-0.8556294472179217,-0.7795393859276307
ZCL,2018-04-12,141.728,-1.6512076360271586,-0.6172684536241779,-1.4157250066457034,0.3433399524347085,-0.7658048773619369
ZCL,2018-04-13,141.302,-1.0407942831437451,-0.5077854494871078,-0.44847659636105197,-0.23575411134309304,-0.747455479349033
ZCL,2018-04-14,134.956,-0.7825424800007647,1.254890917119722,-0.44847659636105197,0.6124963482750957,-0.6357712284186292
ZCL,2018-04-15,164.394,0.25046473257116375,2.557738666350857,0.9333068469027359,0.9876840515677561,-0.46272317241364297
ZCL,2018-04-16,164.202,-0.19560656376671517,0.7950622997440272,0.38059346959722073,1.0610903413424038,-0.5374163405325108
ZCL,2018-04-17,149.423,-0.4773358035590579,0.696527596020664,-0.033941563381915625,-0.06447276853557496,-0.649262574281541
ZCL,2018-04-18,144.176,-1.0877491564424697,-0.9457174660353884,1.7623769128610085,-0.14603531272963258,-0.7652970658243289
ZCL,2018-04-19,175.024,-1.5807753260790716,-1.0223555689313375,-1.692081695298461,0.34333995243470733,-0.7580154382917851
ZCL,2018-04-20,151.119,-0.9938394098450222,-0.5734752519693499,-1.4157250066457034,0.08233981101372642,-0.730695708313634
ZCL,2018-04-21,134.948,-0.8294973532994876,0.38997518443686763,-1.692081695298461,0.35149620685411365,-0.6186244959146247
ZCL,2018-04-22,171.585,0.25046473257116375,1.7694610365639518,0.38059346959722073,1.1752779032140845,-0.44669650820356677
ZCL,2018-04-23,163.649,-0.14865169046799057,0.696527596020664,-0.1721199077082944,0.45752751430638566,-0.5239305886029243
ZCL,2018-04-24,156.822,-0.4303809302603333,-0.3654575441089165,-1.5539033509720823,-0.27653538344012013,-0.6455974623385755
ZCL,2018-04-25,145.655,-1.1347040297411943,-0.1355432354210692,0.10423678094446316,-0.4233479629894227,-0.7573036215846698
ZCL,2018-04-26,145.605,-1.4868655794816241,-0.44209564700486564,-1.2775466623193248,-0.3417854187953674,-0.7464552358209637
ZCL,2018-04-27,143.295,-0.9468845365462976,-0.2997677416266744,-0.7248332850138095,-0.1460353127296314,-0.7243658787356463
ZCL,2018-04-28,149.726,-0.8294973532994876,0.34618198278203954,-0.5866549406874307,0.35149620685411365,-0.6186244959146247
ZCL,2018-04-29,167.439,0.25046473257116375,2.0760134481477484,0.795128502576357,1.1752779032140845,-0.44669650820356677
ZCL,2018-04-30,162.604,-0.14865169046799057,0.34618198278203954,0.38059346959722073,0.45752751430638566,-0.5239305886029243
ZCL,2018-05-01,157.226,-0.5947229868058679,0.9811834067770465,-0.1721199077082944,0.3351836980153021,-0.7046719765863814
ZCL,2018-05-02,155.143,-1.0173168464943827,0.5979928922973009,-0.8630116293401884,-0.21128534808487634,-0.7647150102767687
ZCL,2018-05-03,155.551,-0.5947229868058679,0.46661328733281676,-0.3102982520346732,0.08233981101372642,-0.7751958248636642
ZCL,2018-05-04,149.47,-0.28951631036416275,0.07247447243936413,-1.001189973666567,0.3759649701123292,-0.5973912669538173
ZCL,2018-05-05,139.017,-0.9938394098450222,0.028681270784536066,-1.139368317992946,0.9632152883095371,-0.6510296390147564
ZCL,2018-05-06,159.72,0.43828422576605724,1.988427044838092,1.7623769128610085,0.9469027794707267,-0.3249131570152583
ZCL,2018-05-07,159.489,0.8608780854545739,0.36807858360945356,0.38059346959722073,0.9061215073736985,-0.4013118113668046
ZCL,2018-05-08,154.06,-0.5947229868058679,-0.726751457761248,0.10423678094446316,0.3351836980153021,-0.7046719765863814
ZCL,2018-05-09,158.976,-1.0173168464943827,-1.0880453714135796,-0.44847659636105197,-0.21128534808487634,-0.7647150102767687
ZCL,2018-05-10,134.496,-0.5947229868058679,-1.1537351738958217,0.24241512527084194,0.08233981101372642,-0.7751958248636642
ZCL,2018-05-11,146.27,-0.28951631036416275,0.1819574765764343,-0.033941563381915625,0.3759649701123292,-0.5973912669538173
ZCL,2018-05-12,149.181,-0.9938394098450222,0.7403207976754922,-0.033941563381915625,0.9632152883095371,-0.6510296390147564
ZCL,2018-05-13,176.299,0.43828422576605724,1.5067018266349834,1.347841879881872,0.9469027794707267,-0.3249131570152583
ZCL,2018-05-14,176.237,0.8608780854545739,0.7403207976754922,1.0714851912291146,0.9061215073736985,-0.4013118113668046
ZCL,2018-05-15,164.373,-0.4538583669096956,1.0687698100867027,0.38059346959722073,0.4656837687257943,-0.6835654328756997
ZCL,2018-05-16,150.384,-0.8529747899488499,-0.11364663459365515,-0.7248332850138095,-0.12156654947141471,-0.7177457375882801
ZCL,2018-05-17,134.531,-0.6416778601045925,0.07247447243936413,-0.5866549406874307,-1.0758483165418742,-0.743766604497927
ZCL,2018-05-18,146.506,-0.19560656376671517,-0.661061655279006,-1.5539033509720823,0.44121500546757647,-0.5919141126412257
ZCL,2018-05-19,150.501,-1.0173168464943827,0.4228200856779887,-0.7248332850138095,1.40365302695744,-0.643354551401038
ZCL,2018-05-20,173.236,0.39132935246733264,2.086961748561455,1.2096635355554934,0.7511526734049896,-0.32114539413408166
ZCL,2018-05-21,169.796,0.9078329587532985,0.7074758964343711,0.5187718139235995,0.8245589631796397,-0.40026446420610123
ZCL,2018-05-22,174.405,-0.4538583669096956,-0.24502623955813935,-1.139368317992946,0.4656837687257943,-0.6835654328756997
ZCL,2018-05-23,158.5,-0.8529747899488499,-0.24502623955813935,-0.3102982520346732,-0.12156654947141471,-0.7177457375882801
ZCL,2018-05-24,135.243,-0.6182004234552302,-0.35450924369520953,-1.001189973666567,-0.2520666201819034,-0.7377238598000148
ZCL,2018-05-25,151.892,-0.19560656376671517,-0.7595963590023691,-0.033941563381915625,-0.16234782156844293,-0.5872486817802546
ZCL,2018-05-27,164.88,0.5321939723635065,2.0212719460792132,1.486020224208251,0.6206526026944997,-0.3134194333908791
ZCL,2018-05-28,161.289,1.0017427053507444,0.7950622997440272,1.486020224208251,0.9958403059871589,-0.3966203408215953
ZCL,2018-05-29,146.343,-0.4538583669096956,0.5651479910561799,0.5187718139235995,0.4656837687257943,-0.6835654328756997
ZCL,2018-05-31,151.55,-0.6182004234552302,0.2914404807135045,-0.8630116293401884,-0.2520666201819034,-0.7377238598000148
ZCL,2018-06-01,146.449,-0.3599486203122497,-0.04795683211141305,-0.033941563381915625,-0.5293792704416959,-0.7407859427149478
ZCL,2018-06-02,138.119,-0.6651552967539531,1.3972188224979132,-0.033941563381915625,0.43305875104816777,-0.7037517820934132
ZCL,2018-06-03,169.633,0.27394216922052606,1.8023059378050728,1.0714851912291146,0.9632152883095347,-0.4971676283874652
ZCL,2018-06-04,163.639,0.6261037189609541,1.0468732092592887,0.38059346959722073,0.033402284497294175,-0.37620322300674164
ZCL,2018-06-05,150.795,-0.28951631036416275,-0.015111930870292003,-0.1721199077082944,0.9958403059871589,-0.6698088049024916
ZCL,2018-06-06,142.86,-0.40690349361097267,0.3133370815409185,-0.1721199077082944,-0.16234782156844177,-0.7339568658961949
ZCL,2018-06-07,139.449,-0.8529747899488499,-0.9895106676902164,-1.5539033509720823,0.3922774789511419,-0.6860246676984497
ZCL,2018-06-08,152.334,-0.3599486203122497,-0.5734752519693499,0.10423678094446316,-0.5293792704416959,-0.7407859427149478
ZCL,2018-06-09,147.96,-0.6651552967539531,1.342477320429378,0.24241512527084194,0.43305875104816777,-0.7037517820934132
ZCL,2018-06-09,147.96,-0.6651552967539531,1.342477320429378,0.24241512527084194,0.43305875104816777,-0.7037517820934132
ZCL,2018-06-10,158.126,0.27394216922052606,2.492048863868615,1.6241985685346298,0.9632152883095347,-0.4971676283874652
ZCL,2018-06-11,167.858,0.6261037189609541,0.0505778716119501,0.38059346959722073,0.033402284497294175,-0.37620322300674164
ZCL,2018-06-12,154.391,-0.28951631036416275,-0.2997677416266744,-1.001189973666567,0.9958403059871589,-0.6698088049024916
ZCL,2018-06-13,144.598,-0.40690349361097267,-0.42019904617745163,0.10423678094446316,-0.16234782156844177,-0.7339568658961949
ZCL,2018-06-14,137.968,-0.8529747899488499,-1.7449433962360006,-1.8302600396248399,0.3922774789511419,-0.6860246676984497
ZCL,2018-06-15,137.327,-0.3599486203122497,-0.7158031573475411,-1.5539033509720823,-0.5293792704416959,-0.7407859427149478
ZCL,2018-06-16,143.067,-0.6651552967539531,1.320580719601964,-0.8630116293401884,0.43305875104816777,-0.7037517820934132
ZCL,2018-06-17,166.208,0.27394216922052606,1.29868411877455,0.795128502576357,0.9632152883095347,-0.4971676283874652
ZCL,2018-06-18,182.671,0.6261037189609541,0.5104064889876448,-0.033941563381915625,0.033402284497294175,-0.37620322300674164
ZCL,2018-06-19,154.989,-0.28951631036416275,-0.1355432354210692,0.10423678094446316,0.9958403059871589,-0.6698088049024916
ZCL,2018-06-20,148.904,-0.40690349361097267,0.4337683860916957,-0.1721199077082944,-0.16234782156844177,-0.7339568658961949
ZCL,2018-06-21,157.624,-0.8529747899488499,-0.11364663459365515,-0.3102982520346732,0.3922774789511419,-0.6860246676984497
ZCL,2018-06-22,140.802,-0.3599486203122497,-1.0770970709998726,-1.001189973666567,-0.5293792704416959,-0.7407859427149478
ZCL,2018-06-23,137.315,-0.6651552967539531,0.1162676740941922,-1.4157250066457034,0.43305875104816777,-0.7037517820934132
ZCL,2018-06-24,162.44,0.27394216922052606,1.7037712340817097,0.6569501582499783,0.9632152883095347,-0.4971676283874652
ZCL,2018-06-25,152.412,0.6261037189609541,0.9483385055359255,0.38059346959722073,0.033402284497294175,-0.37620322300674164
ZCL,2018-06-26,143.684,-0.28951631036416275,-0.3435609432815025,-1.001189973666567,0.9958403059871589,-0.6698088049024916
ZCL,2018-06-27,145.837,-0.40690349361097267,-0.31071604204038145,-1.001189973666567,-0.16234782156844177,-0.7339568658961949
ZCL,2018-06-28,133.503,-0.8529747899488499,-0.26692284038555336,-1.4157250066457034,0.3922774789511419,-0.6860246676984497
ZCL,2018-06-29,151.666,-0.3599486203122497,0.5651479910561799,-0.7248332850138095,-0.5293792704416959,-0.7407859427149478
ZCL,2018-06-30,148.0,-0.6651552967539531,1.5176501270486904,0.10423678094446316,0.43305875104816777,-0.7037517820934132
ZCL,2018-07-01,155.053,0.7200134655584034,0.9592868059496324,0.5187718139235995,0.5390900585004432,-0.43691590027348937
ZCL,2018-07-02,166.2,0.7669683388571247,1.1344596125689448,0.795128502576357,0.4167462422093586,-0.5050638196084013
ZCL,2018-07-03,156.227,-0.3599486203122497,1.29868411877455,0.24241512527084194,0.22915239056302897,-0.638897739573718
ZCL,2018-07-04,156.413,-0.47733580355905963,-0.3654575441089165,-0.1721199077082944,0.5717150761780652,-0.64595330284119
ZCL,2018-07-05,144.09,-0.5008132402084202,0.46661328733281676,-0.7248332850138095,-0.19497283924606365,-0.6220747766931303
ZCL,2018-07-06,143.802,-0.47733580355905963,-0.3654575441089165,-0.7248332850138095,-0.12156654947141354,-0.6466611992715815
ZCL,2018-07-07,147.94,-0.73558760670204,0.4885098881602308,0.24241512527084194,0.21283988172421514,-0.6640040963916459
ZCL,2018-07-08,158.183,0.7200134655584034,1.8789440407010218,1.2096635355554934,0.5390900585004432,-0.43691590027348937
ZCL,2018-07-09,148.896,0.7669683388571247,-0.04795683211141305,0.38059346959722073,0.4167462422093586,-0.5050638196084013
ZCL,2018-07-10,161.787,-0.3599486203122497,-0.693906556520127,-1.4157250066457034,0.22915239056302897,-0.638897739573718
ZCL,2018-07-11,148.814,-0.47733580355905963,0.13816427492160624,-0.1721199077082944,0.5717150761780652,-0.64595330284119
ZCL,2018-07-12,152.607,-0.5008132402084202,-0.7924412602434902,-1.139368317992946,-0.19497283924606365,-0.6220747766931303
ZCL,2018-07-13,129.788,-0.47733580355905963,0.30238878112721146,-0.3102982520346732,-0.12156654947141354,-0.6466611992715815
ZCL,2018-07-14,138.535,-0.73558760670204,0.6855792956069571,-0.1721199077082944,0.21283988172421514,-0.6640040963916459
ZCL,2018-07-15,158.479,0.649581155610318,1.977478744424385,2.038733601513766,1.1018716134394344,-0.30061148222883555
ZCL,2018-07-16,154.067,0.6026262823115934,1.0687698100867027,0.795128502576357,0.8734964896960743,-0.40067413312372957
ZCL,2018-07-17,141.135,-0.2425614370654398,0.1710091761627273,-0.44847659636105197,0.39227747895114073,-0.5197237848846655
ZCL,2018-07-18,154.274,-0.383426056961612,0.028681270784536066,-0.033941563381915625,0.40858998778995226,-0.5603261663021402
ZCL,2018-07-19,151.374,-0.40690349361097267,-0.5187337499008148,-0.3102982520346732,-0.4967542527640739,-0.5446684604437151
ZCL,2018-08-07,152.72,0.2504647325711621,0.21480237781755535,-0.5866549406874307,0.5798713305974703,-0.5621093192479102
ZCL,2018-08-08,132.898,-0.5242906768577809,-0.1464915358347762,-0.3102982520346732,-0.3825666908923956,-0.5437726319783834
ZCL,2018-08-09,132.024,-0.4538583669096956,-1.0114072685176305,-1.001189973666567,0.22099613614362149,-0.680978185939933
ZCL,2018-08-10,133.339,-0.7121101700526777,-0.43114734659115866,-0.44847659636105197,0.0007772668196699739,-0.5861212403504882
ZCL,2018-08-11,140.54,-0.47733580355905963,-0.5844235523830569,-0.1721199077082944,0.6859026380497446,-0.5519061657989658
ZCL,2018-08-12,158.424,0.5556714090128705,2.2511862547670605,1.0714851912291146,0.8408714720184524,-0.32827521648949326
ZCL,2018-08-13,170.19,0.6261037189609541,1.0687698100867027,0.795128502576357,1.0855591046006206,-0.3027775255866135
ZCL,2018-08-14,142.073,0.2504647325711621,-0.672009955692713,-1.692081695298461,0.5798713305974703,-0.5621093192479102
ZCL,2018-08-15,151.992,-0.5242906768577809,-0.16838813666219024,-0.3102982520346732,-0.3825666908923956,-0.5437726319783834
ZCL,2018-08-16,132.2,-0.4538583669096956,-0.9347691656216814,-1.692081695298461,0.22099613614362149,-0.680978185939933
ZCL,2018-08-17,143.882,-0.7121101700526777,0.1819574765764343,-0.44847659636105197,0.0007772668196699739,-0.5861212403504882
ZCL,2018-08-18,131.556,-0.47733580355905963,1.6271331311857604,-0.1721199077082944,0.6859026380497446,-0.5519061657989658
ZCL,2018-08-19,165.345,0.5556714090128705,2.065065147734041,-0.033941563381915625,0.8408714720184524,-0.32827521648949326
ZCL,2018-08-20,153.222,0.6261037189609541,1.1016147113278236,0.5187718139235995,1.0855591046006206,-0.3027775255866135
ZCL,2018-08-21,128.857,0.2504647325711621,-0.48588884865969373,-1.139368317992946,0.5798713305974703,-0.5621093192479102
ZCL,2018-08-22,138.923,-0.5242906768577809,-0.1574398362484832,-0.44847659636105197,-0.3825666908923956,-0.5437726319783834
ZCL,2018-08-23,134.747,-0.4538583669096956,-0.726751457761248,-0.8630116293401884,0.22099613614362149,-0.680978185939933
ZCL,2018-08-24,131.659,-0.7121101700526777,-0.606320153210471,-0.8630116293401884,0.0007772668196699739,-0.5861212403504882
ZCL,2018-08-25,131.018,-0.47733580355905963,0.8826487030536834,-0.8630116293401884,0.6859026380497446,-0.5519061657989658
ZCL,2018-08-26,171.002,0.5556714090128705,2.524893765109736,2.315090290166524,0.8408714720184524,-0.32827521648949326
ZCL,2018-08-27,160.496,0.6261037189609541,0.9264419047085114,1.0714851912291146,1.0855591046006206,-0.3027775255866135
ZCL,2018-08-28,134.518,0.2504647325711621,0.1162676740941922,-1.692081695298461,0.5798713305974703,-0.5621093192479102
ZCL,2018-08-29,134.754,-0.5242906768577809,-0.2778711407992604,-0.44847659636105197,-0.3825666908923956,-0.5437726319783834
ZCL,2018-08-30,133.36,-0.4538583669096956,-0.10269833417994814,0.10423678094446316,0.22099613614362149,-0.680978185939933
ZCL,2018-08-31,129.573,-0.7121101700526777,0.41187178526428164,-0.3102982520346732,0.0007772668196699739,-0.5861212403504882
ZCL,2018-09-01,135.269,-0.40690349361097267,1.8132542382187797,0.10423678094446316,0.7103714013079625,-0.6283580605240173
ZCL,2018-09-02,158.204,0.4852390990647836,3.827741514340871,2.176911945840145,0.9142777617931036,-0.2593580483934637
ZCL,2018-09-03,157.064,0.5321939723635065,1.3862705220842062,0.5187718139235995,0.6288088571139049,-0.45092240065387224
ZCL,2018-09-04,140.499,-0.03126450722118066,-0.2121813383170183,-1.001189973666567,0.10680857427194429,-0.6619119804060848
ZCL,2018-09-05,130.519,-0.5712455501565056,-0.5406303507282288,-1.2775466623193248,0.588027585016879,-0.6596124063919019
ZCL,2018-09-06,120.872,-0.5947229868058695,-0.35450924369520953,-1.5539033509720823,0.2780899170794624,-0.6667970975434582
ZCL,2018-09-07,132.956,-0.35994862031224806,-0.48588884865969373,-0.7248332850138095,0.17205860962719038,-0.6898717257153577
ZCL,2018-09-11,140.647,-0.03126450722118066,-0.43114734659115866,-1.4157250066457034,0.10680857427194429,-0.6619119804060848
ZCL,2018-09-12,149.395,-0.5712455501565056,-0.09175003376624112,-0.7248332850138095,0.588027585016879,-0.6596124063919019
ZCL,2018-09-13,141.263,-0.6182004234552285,0.1162676740941922,-0.1721199077082944,0.2617774082406497,-0.5418375833875567
ZCL,2018-09-14,152.71,-0.6182004234552285,0.3352336823683325,-0.3102982520346732,0.2617774082406497,-0.5418375833875567
ZCL,2018-09-15,141.508,-0.6182004234552285,3.0613604853813796,0.795128502576357,0.2617774082406497,-0.5418375833875567
ZCL,2018-09-16,163.983,-1.4633881428322617,-0.037008531697706036,-0.7248332850138095,-0.9127232281537625,-0.6283317343580188
ZCL,2018-09-17,149.245,0.5321939723635065,1.6161848307720534,0.6569501582499783,0.6288088571139049,-0.45092240065387224
ZCL,2018-09-18,146.681,-0.03126450722118066,0.7184241968480781,-0.7248332850138095,0.10680857427194429,-0.6619119804060848
ZCL,2018-09-19,138.662,-0.5712455501565056,0.4009234848505746,-0.7248332850138095,0.588027585016879,-0.6596124063919019
ZCL,2018-09-20,124.058,-0.5947229868058695,-0.02606023128399902,-1.5539033509720823,0.2780899170794624,-0.6667970975434582
ZCL,2018-09-21,136.736,-0.35994862031224806,0.3352336823683325,-0.8630116293401884,0.17205860962719038,-0.6898717257153577
ZCL,2018-09-22,136.714,-0.40690349361097267,0.5979928922973009,-1.139368317992946,0.7103714013079625,-0.6283580605240173
ZCL,2018-09-23,151.592,0.4852390990647836,3.0613604853813796,1.347841879881872,0.9142777617931036,-0.2593580483934637
ZCL,2018-09-24,154.215,0.5321939723635065,1.2001494150511869,-0.44847659636105197,0.6288088571139049,-0.45092240065387224
ZCL,2018-09-25,140.727,-0.03126450722118066,0.3790268840231606,-0.8630116293401884,0.10680857427194429,-0.6619119804060848
ZCL,2018-09-26,134.663,-0.5712455501565056,0.8826487030536834,-0.5866549406874307,0.588027585016879,-0.6596124063919019
ZCL,2018-09-27,122.572,-0.5947229868058695,-0.7486480585886621,-1.4157250066457034,0.2780899170794624,-0.6667970975434582
ZCL,2018-09-28,147.929,-0.35994862031224806,0.14911257533531325,-1.4157250066457034,0.17205860962719038,-0.6898717257153577
ZCL,2018-09-29,138.239,-0.40690349361097267,1.3862705220842062,-1.001189973666567,0.7103714013079625,-0.6283580605240173
ZCL,2018-09-30,157.695,0.4852390990647836,2.6781699709016342,1.347841879881872,0.9142777617931036,-0.2593580483934637
ZCL,2018-10-01,153.379,1.048697578649469,1.4300637237390341,-0.7248332850138095,0.2209961361436238,-0.41283781696220495
ZCL,2018-10-08,146.089,1.0252201420001068,1.342477320429378,-0.3102982520346732,0.48199627756460467,-0.3878642067453373
ZCL,2018-10-09,143.03,-0.3129937470135268,-0.037008531697706036,-0.8630116293401884,0.3107149347570843,-0.5966060355260568
ZCL,2018-10-17,167.526,-0.47733580355905963,-0.05890513252512007,0.38059346959722073,0.13127733753015983,-0.6636969125543678
ZCL,2018-10-18,143.47,-0.4538583669096956,0.3352336823683325,0.5187718139235995,0.12312108311075465,-0.6845210606390554
ZCL,2018-10-19,149.765,-0.14865169046799057,0.47756158774652374,0.24241512527084194,-0.04000400527735593,-0.6635777361419669
ZCL,2018-10-20,166.473,-0.4538583669096973,0.41187178526428164,0.10423678094446316,0.12312108311075581,-0.5778928810671541
ZCL,2018-10-21,169.97,1.048697578649469,2.8423944771072396,2.176911945840145,0.5390900585004432,-0.30804753850831884
ZCL,2018-10-22,152.123,0.9313103954026591,1.0797181105004097,-0.1721199077082944,1.2323716841499244,-0.3647954740665107
ZCL,2018-10-23,161.329,-0.33647118366288575,1.1016147113278236,0.38059346959722073,0.057871047755509726,-0.5799830218363661
ZCL,2018-10-24,159.193,-0.47733580355905963,0.028681270784536066,-0.1721199077082944,0.13127733753015983,-0.6636969125543678
ZCL,2018-10-25,162.822,-0.4538583669096956,0.28049218029979744,0.38059346959722073,0.12312108311075465,-0.6845210606390554
ZCL,2018-10-26,153.164,-0.14865169046799057,0.2366989786449694,1.347841879881872,-0.04000400527735593,-0.6635777361419669
ZCL,2018-10-27,174.322,-0.4538583669096973,1.0797181105004097,1.9005552571873874,0.12312108311075581,-0.5778928810671541
ZCL,2018-10-28,188.512,1.048697578649469,2.6781699709016342,2.315090290166524,0.5390900585004432,-0.30804753850831884
ZCL,2018-10-29,189.16,-0.2660388737147988,1.5395467278761044,1.0714851912291146,1.020309069245378,-0.17723686056239596
ZCL,2018-10-30,147.047,-0.2660388737147988,-0.2778711407992604,0.6569501582499783,1.020309069245378,-0.17723686056239596
ZCL,2018-10-31,163.917,-0.2660388737147988,0.4885098881602308,0.795128502576357,1.020309069245378,-0.17723686056239596
ZCL,2018-11-01,167.126,1.1895621985456413,0.9811834067770465,1.2096635355554934,-0.11341029505200721,2.2510408637632073
ZCL,2018-11-02,159.117,0.08612267602562923,-0.28881944121296743,0.9333068469027359,0.18021486404659556,2.23894947887431
ZCL,2018-11-03,161.779,0.06264523937626693,1.4300637237390341,1.2096635355554934,0.37596497011233154,2.0773574666031926
ZCL,2018-11-04,180.456,2.8095053273516193,2.557738666350857,1.9005552571873874,0.3433399524347085,3.0629716226323684
ZCL,2018-11-05,169.143,3.419918680235029,1.0906664109141166,-0.44847659636105197,0.8408714720184512,3.323720732031175
ZCL,2018-11-06,157.816,1.9877950446239498,0.08342277285307115,-0.5866549406874307,0.9632152883095371,1.9164363946153533
ZCL,2018-11-07,152.498,0.4148067891166966,0.0505778716119501,1.347841879881872,-0.20312909366547,2.2020739537581986
ZCL,2018-11-08,140.662,1.1895621985456413,0.36807858360945356,1.347841879881872,-0.11341029505200721,2.2510408637632073
ZCL,2018-11-09,145.689,0.08612267602562923,0.46661328733281676,2.038733601513766,0.18021486404659556,2.23894947887431
ZCL,2018-11-10,148.947,0.06264523937626693,0.9921317071907535,0.9333068469027359,0.37596497011233154,2.0773574666031926
ZCL,2018-11-11,176.764,2.8095053273516193,2.086961748561455,1.9005552571873874,0.3433399524347085,3.0629716226323684
ZCL,2018-11-12,169.233,3.419918680235029,1.7804093369776588,0.795128502576357,0.8408714720184512,3.323720732031175
ZCL,2018-11-13,151.745,1.9877950446239498,0.8935970034673903,0.9333068469027359,0.9632152883095371,1.9164363946153533
ZCL,2018-11-14,167.644,0.4148067891166966,-0.3654575441089165,1.2096635355554934,-0.20312909366547,2.2020739537581986
ZCL,2018-11-15,168.331,1.1895621985456413,0.16006087574902025,1.7623769128610085,-0.11341029505200721,2.2510408637632073
ZCL,2018-11-16,146.116,0.08612267602562923,0.20385407740384834,0.10423678094446316,0.18021486404659556,2.23894947887431
ZCL,2018-11-17,151.505,0.06264523937626693,1.6818746332542955,1.9005552571873874,0.37596497011233154,2.0773574666031926
ZCL,2018-11-18,182.261,2.8095053273516193,2.185496452284818,2.038733601513766,0.3433399524347085,3.0629716226323684
ZCL,2018-11-19,192.472,3.32600893363758,1.287735818360843,2.038733601513766,0.8164027087602345,2.846024564200985
ZCL,2018-11-20,170.284,1.9643176079745859,0.36807858360945356,0.38059346959722073,0.9305902706319151,1.7543558253965372
ZCL,2018-11-21,149.494,0.4852390990647836,0.21480237781755535,0.6569501582499783,-0.17050407598784695,2.0188600170891173
ZCL,2018-11-22,152.633,1.1426073252469167,-0.22312963873072533,0.9333068469027359,0.008933521239076314,1.89644075178226
ZCL,2018-11-23,138.788,0.1800324226230768,-0.42019904617745163,-0.033941563381915625,0.26177740824065204,1.854028800785093
ZCL,2018-11-24,142.125,0.1330775493243522,0.0505778716119501,0.6569501582499783,0.5064650408228214,1.7343258198301623
ZCL,2018-11-25,164.141,2.786027890702257,1.0906664109141166,1.486020224208251,0.44121500546757647,2.6398788180566473
ZCL,2018-11-26,146.75,3.32600893363758,0.3133370815409185,-0.033941563381915625,0.8164027087602345,2.846024564200985
ZCL,2018-11-27,160.638,1.8704078613771384,-0.7814929598297832,-0.1721199077082944,0.7348401645661804,1.6125260487135769
ZCL,2018-11-28,138.738,0.4852390990647836,-1.3945977829973761,-1.139368317992946,-0.17050407598784695,2.0188600170891173
ZCL,2018-11-29,156.984,1.1426073252469167,-0.7814929598297832,0.6569501582499783,0.008933521239076314,1.89644075178226
ZCL,2018-11-30,161.16,0.1800324226230768,-0.2997677416266744,-0.033941563381915625,0.26177740824065204,1.854028800785093
ZCL,2018-12-01,161.734,2.3164791577150154,0.028681270784536066,-0.3102982520346732,0.2617774082406509,1.9642881668283116
ZCL,2018-12-02,197.84,3.138189440442685,1.353425620843085,1.347841879881872,0.6206526026944997,2.4723191796208397
ZCL,2018-12-03,188.472,1.8234529880784154,1.287735818360843,1.347841879881872,0.6288088571139061,1.55261460061922
ZCL,2018-12-04,166.97,0.9078329587532985,-0.48588884865969373,-1.139368317992946,0.8571839808572628,1.2389502594351265
ZCL,2018-12-05,178.145,1.2599945084937283,-0.04795683211141305,0.5187718139235995,0.3433399524347085,1.365987640878497
ZCL,2018-12-06,158.444,0.3913293524673343,-0.2559745399718464,0.5187718139235995,1.0937153590200257,1.0670287703366372
ZCL,2018-12-07,163.4,-0.00778707057181835,0.21480237781755535,0.5187718139235995,0.47384002314519835,1.329706746351437
ZCL,2018-12-08,151.548,2.3164791577150154,0.5979928922973009,0.795128502576357,0.2617774082406509,1.9642881668283116
ZCL,2018-12-09,169.9,3.138189440442685,0.7074758964343711,0.795128502576357,0.6206526026944997,2.4723191796208397
ZCL,2018-12-10,165.38,0.06264523937626693,0.7074758964343711,0.24241512527084194,-0.5130667616028843,-0.6043517635107392
ZCL,2018-12-11,159.523,0.06264523937626693,-0.16838813666219024,0.5187718139235995,-0.5130667616028843,-0.6043517635107392
ZCL,2018-12-12,149.344,-0.38342605696161036,0.1272159745078992,-0.44847659636105197,0.45752751430638683,-0.5950174338516948
ZCL,2018-12-13,164.003,0.3913293524673343,-0.19028473748960428,-0.3102982520346732,1.0937153590200257,1.0670287703366372
ZCL,2018-12-14,161.834,-0.00778707057181835,-1.8106331987182427,-0.5866549406874307,0.47384002314519835,1.329706746351437
ZCL,2018-12-15,149.088,2.269524284416293,-0.02606023128399902,-1.2775466623193248,0.31887118917649176,1.8047792991402547
ZCL,2018-12-16,163.051,3.138189440442685,1.0140283080181676,1.2096635355554934,0.6206526026944997,2.4723191796208397
ZCL,2018-12-17,174.922,1.8234529880784154,-0.17933643707589725,-0.44847659636105197,0.6288088571139061,1.55261460061922
ZCL,2018-12-18,153.619,0.9078329587532985,-0.606320153210471,-0.033941563381915625,0.8571839808572628,1.2389502594351265
ZCL,2018-12-19,159.576,1.2599945084937283,-0.31071604204038145,-1.2775466623193248,0.3433399524347085,1.365987640878497
ZCL,2018-12-20,166.446,0.3913293524673343,-0.1355432354210692,-0.44847659636105197,1.0937153590200257,1.0670287703366372
ZCL,2018-12-21,168.337,0.743490902207764,-0.606320153210471,-0.033941563381915625,0.9142777617931036,-0.4338422676202086
ZCL,2018-12-22,159.894,0.743490902207764,0.09437107326677817,0.24241512527084194,0.9142777617931036,-0.4338422676202086
ZCL,2018-12-23,174.039,0.743490902207764,1.0906664109141166,1.486020224208251,0.9142777617931036,-0.4338422676202086
ZCL,2018-12-24,157.117,-1.909459439170139,2.6781699709016342,0.24241512527084194,0.6288088571139072,-0.3921480439012167
ZCL,2018-12-25,156.25558603491274,-1.7685948192739684,-1.2446776524606112e-15,0.0,-1.132942097477713,-0.9408026076055267
ZCL,2018-12-26,192.352,1.2130396351950037,-0.1574398362484832,0.10423678094446316,0.9469027794707255,1.1310971140109622
ZCL,2018-12-27,158.485,0.46176166241541955,-0.4639922478322797,-0.5866549406874307,0.7919339455020178,0.8727287735884813
ZCL,2018-12-28,166.972,0.03916780272690461,-0.02606023128399902,0.795128502576357,0.1965273728854071,-0.5729353443563038
ZCL,2018-12-29,146.571,0.03916780272690461,-0.5625269515556428,-0.44847659636105197,0.1965273728854071,-0.5729353443563038
ZCL,2018-12-30,186.441,0.03916780272690461,1.5067018266349834,1.7623769128610085,0.1965273728854071,-0.5729353443563038
ZCL,2018-12-31,165.199,-0.806019916650127,2.1307549502162835,1.347841879881872,1.0366215780841894,8.26701264998833
ZCL,2019-01-01,128.789,0.4617616624154212,-4.197362688906372,-3.073865138562249,0.16390235520778404,0.4789244921175371
ZCL,2019-01-02,174.325,0.10960011267499321,0.07247447243936413,0.38059346959722073,0.26993366266005603,0.7044848960845114
ZCL,2019-01-03,166.47,-0.9468845365462992,-0.650113354865299,1.0714851912291146,0.35149620685411365,0.2446662606515764
ZCL,2019-01-04,175.187,-0.5242906768577825,-1.2303732767917708,-0.8630116293401884,0.02524603007788668,0.28011558909559886
ZCL,2019-01-05,158.627,0.41480678911669827,-0.7595963590023691,-0.5866549406874307,-0.06447276853557496,0.2937442049557899
ZCL,2019-01-06,169.479,0.9313103954026608,0.7622173985029062,1.486020224208251,0.8245589631796421,0.8092842062528496
ZCL,2019-01-07,171.128,0.6261037189609541,0.1710091761627273,1.0714851912291146,0.5472463129198508,1.2267620587891401
ZCL,2019-01-08,152.303,0.5087165357141459,-0.5734752519693499,-0.033941563381915625,-0.11341029505200836,0.8126540007346196
ZCL,2019-01-09,153.189,0.18003242262307848,-0.5844235523830569,-0.8630116293401884,0.3922774789511419,1.183643342210636
ZCL,2019-01-10,145.082,-0.9468845365462976,-2.051495807819797,-0.1721199077082944,-0.35809792763418,0.5509959902554062
ZCL,2019-01-11,152.737,-0.4773358035590579,-0.9566657664490954,-0.5866549406874307,-0.08894153179378934,0.6469904946041618
ZCL,2019-01-12,154.921,0.5321939723635082,-0.28881944121296743,0.795128502576357,0.017089775658481497,0.6494019925188076
ZCL,2019-01-13,168.387,1.0252201420001084,0.8279072009851483,1.347841879881872,0.6695901292109331,1.2806515094962458
ZCL,2019-01-14,167.568,0.6261037189609541,-0.28881944121296743,0.9333068469027359,0.5472463129198508,1.2267620587891401
ZCL,2019-01-15,147.584,0.5087165357141459,-1.4712358858933252,-0.44847659636105197,-0.11341029505200836,0.8126540007346196
ZCL,2019-01-16,157.965,0.18003242262307848,-1.0114072685176305,-0.1721199077082944,0.3922774789511419,1.183643342210636
ZCL,2019-01-17,164.119,-0.9468845365462976,-1.1099419722409938,-0.3102982520346732,-0.35809792763418,0.5509959902554062
ZCL,2019-01-18,153.386,-0.4773358035590579,-0.8471827623120253,0.5187718139235995,-0.08894153179378934,0.6469904946041618
ZCL,2019-01-19,145.954,0.5321939723635082,0.20385407740384834,0.5187718139235995,0.017089775658481497,0.6494019925188076
ZCL,2019-01-20,165.133,1.0252201420001084,1.5176501270486904,0.5187718139235995,0.6695901292109331,1.2806515094962458
ZCL,2019-01-21,155.96,0.6261037189609541,-0.3435609432815025,-0.1721199077082944,0.5472463129198508,1.2267620587891401
ZCL,2019-01-22,146.117,0.5087165357141459,-1.1318385730684077,-0.44847659636105197,-0.11341029505200836,0.8126540007346196
ZCL,2019-01-23,149.536,0.18003242262307848,-0.7048548569338341,-0.033941563381915625,0.3922774789511419,1.183643342210636
ZCL,2019-01-24,150.835,-0.9468845365462976,-1.1208902726547008,-0.3102982520346732,-0.35809792763418,0.5509959902554062
ZCL,2019-01-25,152.166,-0.4773358035590579,-0.42019904617745163,0.795128502576357,-0.08894153179378934,0.6469904946041618
ZCL,2019-01-26,130.993,0.5321939723635082,-0.4749405482459867,-0.7248332850138095,0.017089775658481497,0.6494019925188076
ZCL,2019-01-27,168.423,1.0252201420001084,1.0468732092592887,1.486020224208251,0.6695901292109331,1.2806515094962458
ZCL,2019-01-28,150.672,0.6261037189609541,-0.1464915358347762,-0.44847659636105197,0.5472463129198508,1.2267620587891401
ZCL,2019-01-29,137.352,0.5087165357141459,-1.0880453714135796,-1.139368317992946,-0.11341029505200836,0.8126540007346196
ZCL,2019-01-30,149.39,0.18003242262307848,-0.9238208652079744,-0.033941563381915625,0.3922774789511419,1.183643342210636
ZCL,2019-01-31,141.523,-0.9468845365462976,-1.0661487705861656,-1.139368317992946,-0.35809792763418,0.5509959902554062
ZCL,2019-02-04,159.253,1.3539042550911757,0.8279072009851483,-0.033941563381915625,0.865340235276669,1.1088559969824752
ZCL,2019-02-05,170.928,0.7434909022077657,-0.4092507457637446,-0.3102982520346732,0.04155853891669936,0.7915837195836327
ZCL,2019-02-07,136.462,-0.5712455501565056,-1.4931324867207392,-1.2775466623193248,0.3514962068541125,0.514432383464617
ZCL,2019-02-08,148.038,0.7904457755064903,-1.2084766759643568,-1.4157250066457034,0.3841212245317367,0.49018384350578775
ZCL,2019-02-09,156.019,-0.03126450722118066,-0.726751457761248,-0.3102982520346732,0.04155853891669936,0.7117229180774978
ZCL,2019-02-10,164.401,1.4712914383379856,1.933685542769557,1.9005552571873874,0.2699336626600572,1.3440579898357092
ZCL,2019-02-11,154.448,1.3539042550911757,0.696527596020664,0.6569501582499783,0.9387465250513215,1.0292222548885808
ZCL,2019-02-12,165.191,0.766968338857128,-1.339856280928841,-0.1721199077082944,0.057871047755510885,0.7255981344215984
ZCL,2019-02-13,126.023,0.1330775493243522,-1.2194249763780638,-1.9684383839512185,-0.1868165848266573,0.6081579522695849
ZCL,2019-02-14,134.139,-0.5242906768577825,-1.6683052933400515,-1.8302600396248399,0.33518369801530096,0.44381322722898575
ZCL,2019-02-15,144.53,0.7904457755064903,-1.1865800751369429,-0.5866549406874307,0.3841212245317367,0.49018384350578775
ZCL,2019-02-16,140.114,-0.03126450722118066,0.32428538195462553,0.5187718139235995,0.04155853891669936,0.7117229180774978
ZCL,2019-02-17,172.873,1.4712914383379856,1.4519603245664483,2.176911945840145,0.2699336626600572,1.3440579898357092
ZCL,2019-02-18,162.382,1.3539042550911757,0.16006087574902025,0.38059346959722073,0.9387465250513215,1.0292222548885808
ZCL,2019-02-19,165.709,0.766968338857128,-0.23407793914443234,0.10423678094446316,0.057871047755510885,0.7255981344215984
ZCL,2019-02-20,137.295,0.1330775493243522,-1.5150290875481534,0.24241512527084194,-0.1868165848266573,0.6081579522695849
ZCL,2019-02-21,144.772,-0.4773358035590579,-0.9457174660353884,-0.7248332850138095,0.17205860962718922,0.3804743264290457
ZCL,2019-02-22,144.784,0.766968338857128,-1.1318385730684077,-0.44847659636105197,0.3351836980153033,0.3754621169358862
ZCL,2019-02-23,145.15,-0.12517425381862993,-0.5187337499008148,-0.3102982520346732,-0.056316514116168614,0.5872269766441758
ZCL,2019-02-24,177.783,1.4478140016886234,1.0140283080181676,1.7623769128610085,0.5064650408228202,1.1812234157010348
ZCL,2019-02-25,154.163,1.3304268184418135,0.16006087574902025,0.38059346959722073,0.8164027087602357,0.9635887105763368
ZCL,2019-02-26,156.994,0.766968338857128,-1.7449433962360006,-1.139368317992946,0.3514962068541125,0.6548094262176665
ZCL,2019-02-27,136.666,0.20350985927243914,-0.8471827623120253,-0.44847659636105197,0.10680857427194314,0.5407098023298564
ZCL,2019-02-28,160.083,-0.4773358035590579,-0.650113354865299,-0.44847659636105197,0.17205860962718922,0.3804743264290457
ZCL,2019-03-01,149.718,0.7200134655584017,-0.9347691656216814,-0.5866549406874307,0.2862461714988687,0.760292719128381
ZCL,2019-03-02,148.05,0.8843555221039362,0.5432513902287659,0.38059346959722073,0.726683910146774,1.1727950167588796
ZCL,2019-03-03,173.868,1.799975551429053,1.0140283080181676,2.038733601513766,0.865340235276669,1.2287036210705233
ZCL,2019-03-04,162.681,1.4478140016886234,0.30238878112721146,1.6241985685346298,0.9632152883095371,1.1042654434069263
ZCL,2019-03-05,146.938,1.1895621985456413,-1.4602875854796182,-1.4157250066457034,0.6532776203721228,0.7009792489362773
ZCL,2019-03-06,160.861,0.06264523937626693,-0.4749405482459867,0.795128502576357,-0.08078527737438417,0.4964209585392595
ZCL,2019-03-07,137.027,0.1330775493243522,-1.285114778860306,-0.7248332850138095,0.09049606543313393,0.628057623712883
ZCL,2019-03-08,160.897,0.7200134655584017,-1.2960630792740129,-0.3102982520346732,0.2862461714988687,0.760292719128381
ZCL,2019-03-09,151.608,0.8608780854545739,0.028681270784536066,0.5187718139235995,0.759308927824396,1.081915795025142
ZCL,2019-03-10,160.436,1.799975551429053,1.7366161353228307,1.0714851912291146,0.8327152175990472,1.1488159958248068
ZCL,2019-03-11,153.498,1.4478140016886234,-0.04795683211141305,0.6569501582499783,0.9632152883095371,1.1042654434069263
ZCL,2019-03-12,161.373,1.1895621985456413,-0.8362344618983183,-0.033941563381915625,0.6532776203721228,0.7009792489362773
ZCL,2019-03-13,145.137,0.06264523937626693,-1.0223555689313375,-0.3102982520346732,-0.08078527737438417,0.4964209585392595
ZCL,2019-03-14,149.145,0.1330775493243522,-1.4493392850659113,0.795128502576357,0.09049606543313393,0.628057623712883
ZCL,2019-03-15,139.534,0.7200134655584034,-0.09175003376624112,0.38059346959722073,0.2209961361436238,0.6871846244348241
ZCL,2019-03-16,148.405,0.8608780854545739,-0.2012330379033113,1.2096635355554934,0.759308927824396,1.081915795025142
ZCL,2019-03-17,177.099,1.799975551429053,1.1125630117415308,1.9005552571873874,0.8327152175990472,1.1488159958248068
ZCL,2019-03-18,165.2,1.4478140016886234,0.7403207976754922,1.0714851912291146,0.9632152883095371,1.1042654434069263
ZCL,2019-03-19,177.286,1.1895621985456413,-0.8143378610709042,-0.5866549406874307,0.6532776203721228,0.7009792489362773
ZCL,2019-03-20,164.556,0.06264523937626693,-0.7376997581749551,0.38059346959722073,-0.08078527737438417,0.4964209585392595
ZCL,2019-03-21,135.768,0.1330775493243522,-1.4931324867207392,-1.5539033509720823,0.09049606543313393,0.628057623712883
ZCL,2019-03-22,141.805,0.7200134655584034,-1.6135637912715164,-1.2775466623193248,0.2209961361436238,0.6871846244348241
ZCL,2019-03-23,144.656,0.8608780854545739,-0.11364663459365515,0.10423678094446316,0.759308927824396,1.081915795025142
ZCL,2019-03-24,167.791,1.799975551429053,1.18920111463748,1.7623769128610085,0.8327152175990472,1.1488159958248068
ZCL,2019-03-25,185.772,1.4478140016886234,-0.037008531697706036,1.0714851912291146,0.9632152883095371,1.1042654434069263
ZCL,2019-03-26,154.291,1.1895621985456413,-0.44209564700486564,-0.44847659636105197,0.6532776203721228,0.7009792489362773
ZCL,2019-03-27,163.335,0.06264523937626693,-1.7120984949948796,-0.7248332850138095,-0.08078527737438417,0.4964209585392595
ZCL,2019-03-28,141.418,0.1330775493243522,-1.0442521697587517,0.24241512527084194,0.09049606543313393,0.628057623712883
ZCL,2019-03-29,150.463,0.7200134655584034,0.4994581885739378,0.9333068469027359,0.2209961361436238,0.6871846244348241
ZCL,2019-03-30,146.572,0.8608780854545739,1.2001494150511869,1.347841879881872,0.759308927824396,1.081915795025142
ZCL,2019-03-31,170.593,1.799975551429053,2.108858349388869,2.315090290166524,0.8327152175990472,1.1488159958248068
ZCL,2019-04-01,160.165,0.5556714090128688,0.8826487030536834,1.0714851912291146,1.2323716841499255,1.5077550097716126
ZCL,2019-04-02,161.231,-0.12517425381862823,-0.7158031573475411,0.795128502576357,1.061090341342405,0.8134961666427981
ZCL,2019-04-03,158.533,-0.6886327334033171,-1.0333038693450445,-0.1721199077082944,0.3025586803376791,0.41745557839279673
ZCL,2019-04-04,136.254,-0.3364711836628874,-1.0880453714135796,-0.3102982520346732,0.45752751430638683,0.43368395591829617
ZCL,2019-04-05,134.581,-0.14865169046799057,-0.5077854494871078,-0.3102982520346732,-0.823004429540301,0.6356487420147766
ZCL,2019-04-06,159.666,-0.9938394098450222,0.006784669957122032,-0.033941563381915625,1.0121528148259693,0.7059529040156572
ZCL,2019-04-07,166.081,0.7669683388571247,1.7256678349091237,2.176911945840145,1.0447778325035935,1.7689163211899308
ZCL,2019-04-08,159.198,0.5556714090128688,-0.004163630456584985,1.6241985685346298,1.2323716841499255,1.5077550097716126
ZCL,2019-04-09,143.632,-0.12517425381862823,-1.1756317747232359,-0.033941563381915625,1.061090341342405,0.8134961666427981
ZCL,2019-04-10,174.421,-0.6886327334033171,-0.7158031573475411,1.486020224208251,0.3025586803376791,0.41745557839279673
ZCL,2019-04-11,143.872,-0.3364711836628874,-0.43114734659115866,1.0714851912291146,0.45752751430638683,0.43368395591829617
ZCL,2019-04-12,147.474,-0.14865169046799057,-0.5187337499008148,0.5187718139235995,-0.823004429540301,0.6356487420147766
ZCL,2019-04-13,150.381,-0.9938394098450222,-0.35450924369520953,1.7623769128610085,1.0121528148259693,0.7059529040156572
ZCL,2019-04-14,171.999,0.7669683388571247,0.7512690980891992,2.591446978819281,1.0447778325035935,1.7689163211899308
ZCL,2019-04-15,173.157,0.4852390990647819,0.630837793538422,0.6569501582499783,1.2649967018275474,1.4024395951725972
ZCL,2019-04-16,144.867,-0.07821938051990529,0.006784669957122032,1.347841879881872,0.9387465250513192,0.7360849952814408
ZCL,2019-04-17,157.369,-0.6886327334033171,-1.0223555689313375,0.38059346959722073,0.3025586803376791,0.41745557839279673
ZCL,2019-04-18,151.081,-0.3364711836628874,0.7403207976754922,0.795128502576357,0.45752751430638683,0.43368395591829617
ZCL,2019-04-19,143.837,-0.14865169046799057,-0.9676140668628025,0.10423678094446316,-0.823004429540301,0.6356487420147766
ZCL,2019-04-20,171.983,-0.9938394098450222,0.028681270784536066,0.795128502576357,1.0121528148259693,0.7059529040156572
ZCL,2019-04-21,183.526,0.7669683388571247,-0.11364663459365515,1.7623769128610085,1.0447778325035935,1.7689163211899308
ZCL,2019-04-22,150.685,0.4852390990647819,-0.037008531697706036,0.6569501582499783,1.2649967018275474,1.4024395951725972
ZCL,2019-04-23,138.629,-0.07821938051990529,-1.241321577205478,-0.3102982520346732,0.9387465250513192,0.7360849952814408
ZCL,2019-04-24,155.599,-0.6886327334033171,-1.6573569929263445,-1.4157250066457034,0.3025586803376791,0.41745557839279673
ZCL,2019-04-25,146.468,-0.3364711836628874,-0.8800276635531463,0.795128502576357,0.45752751430638683,0.43368395591829617
ZCL,2019-04-26,142.685,-0.14865169046799057,-1.0223555689313375,-0.033941563381915625,-0.823004429540301,0.6356487420147766
ZCL,2019-04-27,133.322,-0.9938394098450222,0.4885098881602308,0.38059346959722073,1.0121528148259693,0.7059529040156572
ZCL,2019-04-28,150.369,0.7669683388571247,1.1454079129826518,0.9333068469027359,1.0447778325035935,1.7689163211899308
ZCL,2019-04-29,141.1,0.4852390990647819,0.4556649869191097,-0.033941563381915625,1.2649967018275474,1.4024395951725972
ZCL,2019-04-30,137.275,-0.07821938051990529,-0.5844235523830569,-0.44847659636105197,0.9387465250513192,0.7360849952814408
ZCL,2019-05-01,158.767,-0.21908400041607584,-0.09175003376624112,1.347841879881872,0.9305902706319151,0.9302297641493242
ZCL,2019-05-02,163.879,-0.7590650433514023,-0.22312963873072533,0.795128502576357,0.13127733753015983,0.8311740061749424
ZCL,2019-05-03,152.925,0.03916780272690461,-0.8362344618983183,0.795128502576357,0.16390235520778404,0.6760316180916981
ZCL,2019-05-04,141.667,-0.406903493610971,0.5979928922973009,1.2096635355554934,0.9713715427289411,0.6528419599539319
ZCL,2019-05-05,165.61,0.6495811556103147,1.955582143596971,2.315090290166524,1.0610903413424038,1.3500794594934011
ZCL,2019-05-06,166.417,1.3069493817924511,0.07247447243936413,0.6569501582499783,0.6614338747915268,1.0325085474761357
ZCL,2019-05-07,141.859,-0.007787070571820018,-1.252269877619185,0.24241512527084194,0.40858998778995453,0.8254031175898328
ZCL,2019-05-08,158.433,-0.21908400041607584,-0.68295825610642,0.795128502576357,0.9305902706319151,0.9302297641493242
ZCL,2019-05-09,133.799,-0.7590650433514023,-0.5953718527967639,0.6569501582499783,0.13127733753015983,0.8311740061749424
ZCL,2019-05-10,136.873,0.03916780272690461,-0.6172684536241779,1.6241985685346298,0.16390235520778404,0.6760316180916981
ZCL,2019-05-11,145.007,-0.406903493610971,0.4994581885739378,0.38059346959722073,0.9713715427289411,0.6528419599539319
ZCL,2019-05-12,160.398,0.6495811556103147,2.2621345551807677,2.176911945840145,1.0610903413424038,1.3500794594934011
ZCL,2019-05-13,163.231,1.3069493817924511,0.6746309951932501,1.347841879881872,0.6614338747915268,1.0325085474761357
ZCL,2019-05-14,154.146,-0.007787070571820018,-0.2121813383170183,0.5187718139235995,0.40858998778995453,0.8254031175898328
ZCL,2019-05-15,169.423,-0.21908400041607584,-0.5953718527967639,1.0714851912291146,0.9305902706319151,0.9302297641493242
ZCL,2019-05-16,146.137,-0.7590650433514023,0.25859557947238343,0.795128502576357,0.13127733753015983,0.8311740061749424
ZCL,2019-05-17,155.61,0.03916780272690461,-0.004163630456584985,0.24241512527084194,0.16390235520778404,0.6760316180916981
ZCL,2019-05-17,155.61,-0.00778707057181835,-0.004163630456584985,0.24241512527084194,-1.002442026767223,0.7092970809968366
ZCL,2019-05-19,162.514,0.6495811556103164,1.92273724235585,2.038733601513766,-0.08078527737438648,1.425454062174775
ZCL,2019-05-20,159.702,1.3069493817924511,0.2695438798860904,1.347841879881872,0.4575275143063845,1.0860112327284723
ZCL,2019-05-21,152.729,0.015690366077542296,0.1162676740941922,0.24241512527084194,-0.08894153179379166,0.9027078232821661
ZCL,2019-05-22,163.212,-0.1956065637667135,-0.3983024453500376,0.9333068469027359,-0.7577543941850536,0.9406325652294181
ZCL,2019-05-23,139.303,-0.7590650433514023,-0.31071604204038145,-0.033941563381915625,-0.5864730513775367,0.8311740061749424
ZCL,2019-05-24,151.226,-0.07821938051990529,-0.9019242643805604,-0.033941563381915625,-0.9698170090896,0.6516010717469767
ZCL,2019-05-25,145.081,-0.43038093026033497,-0.4749405482459867,-0.1721199077082944,-0.8148481751208946,0.6432941712272808
ZCL,2019-05-26,169.455,0.6261037189609541,1.3753222216704992,2.591446978819281,-0.10525404063260319,1.3456129675981707
ZCL,2019-05-28,158.916,0.06264523937626693,-1.2303732767917708,0.5187718139235995,0.2617774082406509,0.8400744969025581
ZCL,2019-05-30,150.752,-0.7121101700526777,-0.9566657664490954,-1.2775466623193248,-0.5620042881193189,0.7664173071418945
ZCL,2019-06-01,143.727,-0.3364711836628874,0.1819574765764343,0.38059346959722073,-0.6761918499909996,1.3090844171280838
ZCL,2019-06-02,173.482,0.08612267602562923,0.9373902051222185,1.7623769128610085,0.22099613614362495,1.5751140186498378
ZCL,2019-06-03,162.257,0.5556714090128672,0.5432513902287659,0.795128502576357,0.44937125988698046,1.3954994991326262
ZCL,2019-06-04,135.324,-0.1956065637667135,-0.5515786511419358,-0.7248332850138095,-0.7006606132492139,0.7617155986432418
ZCL,2019-06-05,156.653,-0.33647118366288575,-0.9128725647942674,0.10423678094446316,-1.1655671151553382,0.7021036295346015
ZCL,2019-06-06,136.773,-0.8764522265982122,-0.7048548569338341,-0.5866549406874307,-0.9535045002507885,0.46930368069791356
ZCL,2019-06-08,170.369,-0.31299374701352506,0.07247447243936413,-0.3102982520346732,-0.7740669030238664,1.2036412316638505
ZCL,2019-06-10,179.465,0.5556714090128688,0.38997518443686763,0.795128502576357,0.40858998778995226,1.2951687465437922
ZCL,2019-06-11,167.317,-0.17212912711735287,-0.726751457761248,-0.3102982520346732,-0.7414418853462433,0.6853252070287904
ZCL,2019-06-12,171.17,-0.33647118366288575,-1.361752881756255,-0.3102982520346732,-1.1084733342194972,0.627394282735255
ZCL,2019-06-13,143.262,-0.8764522265982122,-0.8909759639668533,-1.001189973666567,-0.904566973734355,0.4107927966970666
ZCL,2019-06-15,160.107,-0.3364711836628874,0.8279072009851483,1.0714851912291146,-1.0187545356060346,1.1185460163642595
ZCL,2019-06-16,179.919,0.13307754932435387,0.7841139993303202,1.0714851912291146,0.2046836273048111,1.3659507601213194
ZCL,2019-06-22,143.316,-0.3364711836628874,-0.06985343293882708,-0.033941563381915625,0.21283988172421514,1.0433464540385995
ZCL,2019-06-24,190.469,0.5556714090128688,-0.22312963873072533,0.5187718139235995,0.5635588217586611,1.1332322927285352
ZCL,2019-06-27,147.562,-0.8294973532994893,-1.1756317747232359,-2.106616728277597,0.3351836980153021,0.31451260972106354
ZCL,2019-06-28,144.551,-0.2660388737148021,-0.6282167540378849,-0.033941563381915625,0.6859026380497435,0.5906667480654647
ZCL,2019-07-01,153.878,0.22698729592180145,0.5432513902287659,0.10423678094446316,1.9256533097994053,1.222642722475783
ZCL,2019-07-02,156.179,-0.4538583669096973,-1.0552004701724587,-0.1721199077082944,0.27808991707946357,0.9952031037053204
ZCL,2019-07-10,164.163,-0.3364711836628874,-1.252269877619185,0.24241512527084194,-0.12972280389081872,0.5396831120118898
ZCL,2019-07-11,144.786,-0.03126450722118233,-1.5916671904441024,-0.8630116293401884,-0.04000400527735825,0.4959344521978463
ZCL,2019-07-12,139.528,-0.6182004234552302,-0.693906556520127,-0.8630116293401884,-0.14603531272963374,0.43157177113150685
ZCL,2019-07-13,152.135,-0.40690349361097433,-0.7814929598297832,0.10423678094446316,-0.04816025969676228,0.41512835134972437
ZCL,2019-07-17,171.417,-0.28951631036416275,-0.6282167540378849,-0.1721199077082944,-0.08894153179379283,0.48703694691173594
ZCL,2019-07-18,140.969,-0.05474194387054298,-0.7048548569338341,-1.139368317992946,-0.1541915671490366,0.42991527327988743
ZCL,2019-07-19,148.194,-0.6182004234552302,-1.0223555689313375,-1.139368317992946,-0.17866033040725562,0.38361992631618036
ZCL,2019-07-20,145.751,-0.43038093026033497,-0.5953718527967639,-1.001189973666567,0.19652737288540592,0.36406899364343215
ZCL,2019-07-21,179.2,0.32089704251924905,0.07247447243936413,0.795128502576357,0.8000901999214242,1.0787134868273986
ZCL,2019-07-22,145.745,0.20350985927243914,0.1929057769901413,0.5187718139235995,1.452590553473878,0.9899165502314381
ZCL,2019-07-23,153.912,-0.40690349361097267,-1.350804581342548,-1.001189973666567,0.2209961361436238,0.7632600067365372
ZCL,2019-07-25,132.143,-0.03126450722118233,-1.6354603920989306,-1.8302600396248399,-0.1705040759878481,0.3808948816535753
ZCL,2019-08-09,156.265,-1.064271719793109,-0.24502623955813935,-0.033941563381915625,-1.9240987761600619,0.21839641093601103
ZCL,2019-08-10,146.325,-0.8764522265982122,-0.6172684536241779,-0.033941563381915625,-1.9730363026764952,0.21311281274765928
ZCL,2019-08-11,165.769,0.6730585922596753,0.641786093952129,0.795128502576357,-0.8311606839597061,0.8049526472668527
ZCL,2019-08-12,175.087,0.4382842257660589,-0.2997677416266744,-0.1721199077082944,-1.0432232988642525,0.5941712040526942
ZCL,2019-08-13,164.563,-0.45385836690969894,-0.42019904617745163,0.24241512527084194,-1.0187545356060357,0.11876185425934696
ZCL,2019-08-14,144.961,-0.4538583669096973,-0.606320153210471,-1.001189973666567,-1.6304736170614602,0.25160730660475333
ZCL,2019-08-15,155.189,-0.9234070998969369,-1.1208902726547008,-0.44847659636105197,-2.03828633803174,0.08195493398590142
ZCL,2019-08-16,142.069,-0.9234070998969369,-0.726751457761248,-1.139368317992946,-1.8506924863854106,0.17614758868451258
ZCL,2019-08-17,152.063,-0.8529747899488499,0.7074758964343711,0.6569501582499783,-2.054598846870552,0.17263239717025455
ZCL,2019-08-18,167.466,0.6730585922596753,0.7184241968480781,0.24241512527084194,-0.6109418146357523,0.7471383512058473
ZCL,2019-08-19,159.822,0.4382842257660589,0.30238878112721146,-0.1721199077082944,-1.1084733342194986,0.5504774733467456
ZCL,2019-08-20,141.689,-0.43038093026033497,-1.30701137968772,-0.8630116293401884,-2.1361613910646096,0.08653224908851329
ZCL,2019-08-21,162.949,-0.4538583669096973,-1.0004589681039235,-0.8630116293401884,-1.6304736170614602,0.25160730660475333
ZCL,2019-08-22,147.571,-0.9234070998969369,-1.0661487705861656,-1.001189973666567,-2.03828633803174,0.08195493398590142
ZCL,2019-08-23,148.703,-0.8999296632475746,-1.4931324867207392,-1.001189973666567,-1.8343799775466003,0.13800065751495064
ZCL,2019-08-24,157.6,-0.8294973532994876,-0.4749405482459867,-0.44847659636105197,-2.0056613203541183,0.1407895122202285
ZCL,2019-08-25,178.979,0.6495811556103147,1.8023059378050728,1.347841879881872,-0.3825666908923944,0.6937119907257249
ZCL,2019-08-26,161.55,0.5087165357141442,0.3571302831957466,1.2096635355554934,-1.092160825380687,0.5087068946995655
ZCL,2019-08-27,143.116,-0.43038093026033664,-0.5953718527967639,-0.5866549406874307,-2.2095676808392595,0.050309977776460735
ZCL,2019-08-28,154.884,-0.47733580355905963,-1.0989936718272866,-0.3102982520346732,-1.6386298714808654,0.21334083715109298
ZCL,2019-08-29,153.812,-0.9234070998969369,-0.9457174660353884,-0.1721199077082944,-1.964880048257089,0.049815419789775904
ZCL,2019-08-30,150.041,-0.8999296632475746,-1.0770970709998726,-0.1721199077082944,-1.9811925570959017,0.10172166281430338
ZCL,2019-08-31,154.535,-0.73558760670204,0.8826487030536834,0.9333068469027359,-1.924098776160063,0.11109242089090343
ZCL,2019-09-01,176.348,1.0721750152988314,2.4044624605589586,2.176911945840145,-0.8393169383791101,0.8574516964439546
ZCL,2019-09-02,169.633,0.7669683388571263,0.6746309951932501,1.6241985685346298,-0.7088168676686214,0.4549304535080146
ZCL,2019-09-03,156.066,-0.2190840004160775,-0.33261264286779546,-0.1721199077082944,-1.3694734756404772,0.05335544474928024
ZCL,2019-09-04,163.923,-0.7825424800007647,-0.606320153210471,0.9333068469027359,-1.6060048538032412,-0.0027744441054299855
ZCL,2019-09-05,148.929,-1.064271719793109,-1.263218178032892,-1.139368317992946,-1.6875673979972965,-0.09211207732951568
ZCL,2019-09-06,137.935,-0.5477681135071448,-0.5953718527967639,-1.139368317992946,-1.3776297300598834,-0.0324705402875865
ZCL,2019-09-07,150.976,-0.7355876067020417,-0.4749405482459867,-0.1721199077082944,-0.48859799834466877,0.3321628263802929
ZCL,2019-09-09,174.882,0.8139232121558493,0.1819574765764343,1.347841879881872,-0.097097786213198,0.41210317934794394
ZCL,2019-09-10,149.267,-0.28951631036416275,-0.9785623672765095,-0.033941563381915625,-1.2879109314464205,0.020343186486531335
ZCL,2019-09-11,164.442,-0.7825424800007647,-1.2084766759643568,-0.44847659636105197,-1.6060048538032412,-0.0027744441054299855
ZCL,2019-09-12,144.306,-1.064271719793109,-0.672009955692713,-1.001189973666567,-1.6875673979972965,-0.09211207732951568
ZCL,2019-09-13,156.217,-0.5947229868058679,-0.9785623672765095,-0.1721199077082944,-1.1247858430583089,-0.47977301377062237
ZCL,2019-09-14,164.611,-0.5947229868058679,1.999375345251799,1.7623769128610085,-1.1247858430583089,-0.47977301377062237
ZCL,2019-09-15,157.893,-0.5947229868058679,2.3387726580767167,2.72962532314566,-1.1247858430583089,-0.47977301377062237
ZCL,2019-09-16,136.381,-1.0642717197931075,-2.139082211129453,-0.5866549406874307,-1.263442168188204,0.3930443469499338
ZCL,2019-09-17,171.495,-0.26603887371480045,1.0359249088455815,1.2096635355554934,-1.0350670444448473,-0.012359581006867485
ZCL,2019-09-18,153.877,-0.6651552967539565,-0.68295825610642,-0.8630116293401884,-1.89147375848244,-0.02810072844755862
ZCL,2019-09-19,147.673,-1.0642717197931075,-0.5296820503145218,-0.5866549406874307,-1.7528174333525426,-0.12470093062811582
ZCL,2019-09-20,153.619,-0.5477681135071448,-1.41649438382479,-1.5539033509720823,-1.4428797654151295,-0.07636262191776808
ZCL,2019-09-21,136.714,-0.6416778601045925,0.4337683860916957,0.9333068469027359,-0.7822231574432692,0.28104659450553204
ZCL,2019-09-22,161.352,0.7904457755064903,1.0468732092592887,1.2096635355554934,-0.8393169383791089,0.7080249511999905
ZCL,2019-09-23,158.002,0.8374006488052116,-0.3216643424540885,0.38059346959722073,-0.46412923508645204,0.3111852446958342
ZCL,2019-09-24,155.278,-0.28951631036416275,-1.1756317747232359,-0.1721199077082944,-0.8311606839597038,-0.021327636196017637
ZCL,2019-09-25,162.477,-0.6416778601045908,-1.427442684238497,-0.033941563381915625,-1.924098776160063,-0.04810859952843093
ZCL,2019-09-26,153.147,5.368545922132075,-0.693906556520127,-1.001189973666567,-1.7528174333525426,-0.09883881984779225
ZCL,2019-09-27,160.277,-0.5947229868058695,-0.9566657664490954,-0.7248332850138095,-1.198192132832959,-0.1016267849518131
ZCL,2019-09-28,156.324,-0.5477681135071432,0.7622173985029062,0.795128502576357,-0.5130667616028831,0.2477543832507473
ZCL,2019-09-29,171.724,0.7434909022077657,1.8132542382187797,2.038733601513766,-0.904566973734355,0.6603289195188745
ZCL,2019-09-30,184.905,0.7200134655584017,0.5979928922973009,1.6241985685346298,-0.5538480336999149,0.2785117737319512
ZCL,2019-10-01,166.247,-0.24256143706543815,-0.5296820503145218,-0.44847659636105197,-0.8719419560567332,0.21660814655251284
ZCL,2019-10-02,151.389,0.1330775493243522,-1.0442521697587517,-0.7248332850138095,-3.3188182818784266,0.11460357150453829
ZCL,2019-10-03,142.758,6.1433013315610205,-0.5296820503145218,-0.8630116293401884,-3.4737871158471343,0.02056997449499824
ZCL,2019-10-04,144.588,-0.05474194387054131,-0.3435609432815025,-0.033941563381915625,-2.9517868330051726,-0.047430135329441965
ZCL,2019-10-05,146.242,-0.19560656376671517,0.1272159745078992,1.0714851912291146,-3.155693193490314,0.10221683899847109
ZCL,2019-10-06,179.473,1.0486975786494708,1.6818746332542955,1.6241985685346298,-2.560286620873702,0.6009125872967355
ZCL,2019-10-07,169.435,0.9782652687013838,-0.10269833417994814,1.0714851912291146,-2.7968179990364663,0.5922930597863112
ZCL,2019-10-08,149.337,-0.21908400041607584,-0.639165054451592,0.38059346959722073,-3.057818140457447,0.17612928400781008
ZCL,2019-10-09,160.401,0.1330775493243522,-0.8033895606571972,0.24241512527084194,-3.3188182818784266,0.11460357150453829
ZCL,2019-10-10,137.078,6.190256204859742,-0.7376997581749551,0.10423678094446316,-3.5227246423635683,-0.008640459713039537
ZCL,2019-10-11,133.966,-0.10169681716926593,-0.2012330379033113,0.9333068469027359,-3.0007243595216067,-0.07561508545850515
ZCL,2019-10-12,145.145,-0.2425614370654398,0.5979928922973009,1.2096635355554934,-3.2209432288455586,0.0676597203028042
ZCL,2019-10-13,166.2,1.0486975786494708,1.8898923411147288,2.591446978819281,-2.6010678929707303,0.5651476916544409
ZCL,2019-10-14,166.645,0.9547878320520214,0.630837793538422,1.486020224208251,-2.862068034391711,0.5444721220575824
ZCL,2019-10-15,149.11,-0.24256143706543815,-0.2012330379033113,0.9333068469027359,-2.951786833005174,0.13596208346264294
ZCL,2019-10-16,141.186,0.1800324226230768,-0.8143378610709042,0.10423678094446316,-3.261724500942587,0.08238770238022501
ZCL,2019-10-17,146.615,6.190256204859742,-0.8471827623120253,-0.44847659636105197,-3.5227246423635683,-0.008640459713039537
ZCL,2019-10-18,138.773,-0.14865169046799057,-0.639165054451592,-0.44847659636105197,-3.033349377199229,-0.10081786600584924
ZCL,2019-10-19,162.842,-0.2425614370654398,0.1819574765764343,0.795128502576357,-3.2454119921037763,0.0432765942284525
ZCL,2019-10-20,160.459,1.0252201420001068,1.8132542382187797,1.486020224208251,-2.592911638551324,0.5318331348223307
ZCL,2019-10-21,165.96,1.025220142000105,0.6855792956069571,1.2096635355554934,-2.8783805432305227,0.5107523141581517
ZCL,2019-10-22,158.933,-0.2425614370654398,-0.8909759639668533,0.10423678094446316,-2.9680993418439856,0.10534597372336661
ZCL,2019-10-23,146.234,0.1800324226230768,-1.252269877619185,-0.3102982520346732,-3.1964744655873423,0.05382996409071098
ZCL,2019-10-24,143.187,6.213733641509106,-1.0223555689313375,-0.1721199077082944,-3.4819433702665408,-0.03858066851118482
ZCL,2019-10-25,139.754,-0.17212912711735287,-0.4639922478322797,-0.033941563381915625,-3.0496618860380402,0.17443528720152995
ZCL,2019-10-26,150.714,-0.12517425381862993,0.039629571198243084,0.24241512527084194,-3.1720057023291255,0.3445838462297052
ZCL,2019-10-27,162.179,1.0252201420001068,1.4629086249801553,0.9333068469027359,-2.4379428045826175,0.8687005083190135
ZCL,2019-10-28,168.414,1.025220142000105,0.6855792956069571,1.0714851912291146,-2.65816167390657,0.8468238564019327
ZCL,2019-10-29,154.315,0.1330775493243522,-0.23407793914443234,-0.44847659636105197,-2.9436305785857675,-0.21254009838651036
ZCL,2019-10-30,140.577,0.1330775493243522,-0.4749405482459867,-0.1721199077082944,-2.9436305785857675,-0.21254009838651036
ZCL,2019-10-31,150.963,0.1330775493243522,-0.7158031573475411,-0.3102982520346732,-2.9436305785857675,-0.21254009838651036
ZCL,2019-11-01,142.525,-0.007787070571820018,-0.037008531697706036,0.5187718139235995,-2.8539117799723046,3.1480509909672025
ZCL,2019-11-02,149.989,-0.007787070571820018,-1.1318385730684077,-1.139368317992946,-2.6826304371647867,3.1803239001178465
ZCL,2019-11-03,156.25558603491274,2.0582273545720353,-1.2446776524606112e-15,0.0,-2.5439741120348915,4.4793860734459034
ZCL,2019-11-04,156.25558603491274,2.95036994724779,-1.2446776524606112e-15,0.0,-2.5031928399378645,4.6392655128302644
ZCL,2019-11-05,156.25558603491274,1.9408401713252252,-1.2446776524606112e-15,0.0,-2.6826304371647867,3.090262025925029
ZCL,2019-11-06,156.25558603491274,0.5321939723635049,-1.2446776524606112e-15,0.0,-3.2698807553619935,3.1783149543107765
ZCL,2019-11-07,156.25558603491274,6.941534177639326,-1.2446776524606112e-15,0.0,-2.6989429460035983,3.383502011860317
